Filial;Item NF;Produto;Descr Prod;Unidade;Segunda UM;Quantidade;Vlr.Unitario;Vlr.Total;Vlr.IPI;Vlr.ICMS;Tipo Entrada;Cod. Fiscal;Centro Custo;Ordem Servic;Ord Producao;Desc.Item;Aliq. IPI;Aliq. ICMS;Peso total;Natureza;C Contabil;Forn/Cliente;Loja;Item Conta;Documento;No do Pedido;Item do Ped.;Armazem;Serie;DT Digitacao;Qtde 2a UM;It.Doc Orig.;Docto. Orig.;Serie Orig.;Numero do CQ;ICMS Solid.;Ret. ICMS;Ident. PD3;Base Icms;Desconto;Lote Fornec.;Vlr.Base IPI;Lote;Sub-Lote;Valid. Lote;Chassi;Vlr.I.I.;TEC/NCM/QUAL;Num. Conhec.;Sit.Tribut.;Imobilizado;ICMS Comple.;Vlr. Frete;Rateio;Vlr. Despesa;Base de IRRF;Aliq. IRRF;Valor IRRF;Base de ISS;Aliq. ISS;Valor do ISS;Base de INSS;Aliq. INSS;Vlr. do INSS;Local Exter.;Classe Valor;Cod.Servico;Status Serv.;Endereco Ini;Estr.Fisica;Dsc.Est.Fis.;Regra WMS;Qt.Vinc.PCC.;Potencia Lot;Seq.Estrut.;TES Selecion;Grade;Item Grade;Vlr. Fethab;Ab. Val INSS;Base Fethab;Desc. ICMS;Item Vinculo;Grp.Nat.Rec.;Valor Cofins;Aliq. Fabov;Vinculo Doc.;Data Fabric.;Base Cofins;Base Facs;Base CSLL;Vlr Est Cred;Tab.Nat.Rec.;Abat. Mat.;Vlr. Fabov;Base Fabov;Cod. Norma;Base Pis;Aliq. Facs;Val Ant.ICMS;Aliq ICMS So;Vinc. Serie;Abatim. ISS;Sld.Depend.;Aliq. Fethab;Crd Pres Sim;Dt.Fim N.R.;Vlr. Facs;Cod.Nat.Rec.;Conferencia;Pr.Fundersul;Cod.Cat83;Cre.Pres. PR;Vlr FUNRURAL;Aliq Import;Tem Garantia;Bas.FUNRURAL;C Repos.4a M;ICMS ST Ante;Valor PIS;Base do SEST;Crd Pres SC;C Reposicao;C Repos.5a M;Valor SEST;Vl.Fundersul;Aliq. Pis;Alq FUNRURAL;Repos.2a M;Operador;Valor CSLL;B.ICMS ST An;Aliq. Cofins;UFERMS;Aliq. SEST;C Repos.3a M;Vl.Inc.Leite;Pr.Inc.Leite;Abatim. INSS;Val. COF M.;Marca;Vl.Senar;Base Senar;Val. PIS M.;Aliq.Senar;Cont. Imp.;Cod. Projeto;Id CFC;Codigo FCI;Vl.Cide;Base Cide;Aliq.Cide;Vl.ISS CPM;Bs.ISS CPM;Aliq. Famad;Alq.ISS CPM;Base Famad;Vlr. Famad;VL.Fumipeq;Base FUMIPEQ;Aliq.Fumipeq;Desc.Z.Franc;Val.Pis.ZFM;Val.Cof.ZFM;Enq. IPI;Base CPRB;Valor CPRB;Alíquota CPR;ICMS Difal;Perc. Origem;Perc. Destin;FECP Comp.;Aliq Comp.;Valor FECP;Fat.Desc.ICM;Val.Desc.ICM;Vlr.FUNDESA;Base FUNDESA;Aliq.FUNDESA;Vlr. IMA-MT;Base IMA-MT;Aliq. IMA-MT;Vlr.FASE-MT;Base FASE-MT;Aliq.FASE-MT;ICMS ST For;Cód Sit SN;Bas.INSS.Pt;Perc.INSS.Pt;Val.INSS.Pt;Cod.Fis.Forn;Numero CNO;Tipo Entrada;C. Trib. Mun;Tipo Repasse;Abat. Alim.;Aliq.FEEF.RJ;Bas.FEEF.RJ;Val.FEEF.RJ;Cod Nota Emp;Item Nt Emp;Ident.Exp.;Hr. Ult. Exp;Rev.Estrutur;Id DCF;Cod Distrib;Romaneio;Cód. Safra;Ctr. Orig.;Item Rom.;NFP Num.;NFP Serie;Vlr.OP.Dif;Aliq FCP Ant;A.ICMS ST An;Base FCP Ant;Vlr. FCP Ant;Sld. Export.;Val.PROT.GO;Bas.PROT.GO;Aliq.PROT.GO;Base FCP ST;Ind.Fcp.Aux.;Base FCP Pr.;Base FCP Cmp;Fat Direto;Dedução;Retenção;Cta Receita;Obs Cont;Obs Fisco;Tit ObsFisco;Tit ObsContr
0101;0001;PN015228;GOODYEAR AGS 900/R22 (LISO);UN;UN;4;2038;8152;0;1467.36;001;1126;120303;;;0;0;18;0;21821;31206005;43242858;0005;;000079527;043156;0001;01;001;17/01/2023;4;;;;;0;0;;8152;0;;0;;;  /  /    ;;0;;;000;;0;0;Nao;0;0;0;0;0;0;0;0;0;0;;;;;;;;;0;0;;001;;;0;0;0;0;;;0;0;;17/01/2023;0;0;0;0;;0;0;0;;0;0;0;18;;0;0;0;0;  /  /    ;0;;;0;;0;0;0;;0;0;0;0;0;0;0;0;0;0;1.65;0;0;;0;0;7.6;0;0;0;0;0;0;0;;0;0;0;0;0;;;3F2022C2-A107-437A-A400-8B27ECC9F3DF;0;0;0;0;0;0;0;0;0;0;0;0;0;0;0;;0;0;0;0;0;0;0;18;0;0;0;0;0;0;0;0;0;0;0;0;0;;0;0;0;;;;;;0;0;0;0;;;;;;;;;;;;;;0;0;0;0;0;4;0;0;0;0;0;0;0;0;0;0;;;;;
0101;0001;PN015193;MICHELIN MULTI Z 295/R22.5 DI;UN;UN;4;2950;11800;0;2124;001;1126;120303;;;0;0;18;0;21821;31206005;50941962;0002;;000030010;043632;0001;01;002;13/02/2023;4;;;;;0;0;;11800;0;;0;;;  /  /    ;;0;;;000;;0;0;Nao;0;0;0;0;0;0;0;0;0;0;;;;;;;;;0;0;;001;;;0;0;0;0;;;0;0;;13/02/2023;0;0;0;0;;0;0;0;;0;0;0;18;;0;0;0;0;  /  /    ;0;;;0;;0;0;0;;0;0;2348.12;0;0;0;0;0;0;0;1.65;0;0;;0;13045.12;7.6;0;0;0;0;0;0;0;;0;0;0;0;0;;;0A007031-A11C-444D-B741-F9D1298B34D2;0;0;0;0;0;0;0;0;0;0;0;0;0;0;0;;0;0;0;0;0;0;0;18;0;0;0;0;0;0;0;0;0;0;0;0;0;;0;0;0;;;;;;0;0;0;0;;;;;;;;;;;;;;0;0;18;0;0;4;0;0;0;0;0;0;0;0;0;0;;;;;
0101;0002;PN015198;MICHELIN MULTI T 295/R22.5 E.L;UN;UN;4;2655;10620;0;1911.6;001;1126;120303;;;0;0;18;0;21821;31206005;50941962;0002;;000030010;043632;0002;01;002;13/02/2023;4;;;;;0;0;;10620;0;;0;;;  /  /    ;;0;;;000;;0;0;Nao;0;0;0;0;0;0;0;0;0;0;;;;;;;;;0;0;;001;;;0;0;0;0;;;0;0;;13/02/2023;0;0;0;0;;0;0;0;;0;0;0;18;;0;0;0;0;  /  /    ;0;;;0;;0;0;0;;0;0;1555.88;0;0;0;0;0;0;0;1.65;0;0;;0;8643.84;7.6;0;0;0;0;0;0;0;;0;0;0;0;0;;;73C01E60-3713-4612-BE68-5B7CFE52077E;0;0;0;0;0;0;0;0;0;0;0;0;0;0;0;;0;0;0;0;0;0;0;18;0;0;0;0;0;0;0;0;0;0;0;0;0;;0;0;0;;;;;;0;0;0;0;;;;;;;;;;;;;;0;0;18;0;0;4;0;0;0;0;0;0;0;0;0;0;;;;;
0101;0001;PN015189;GOODYEAR G658 1100/R22 DI;UN;UN;2;2735;5470;0;0;012;1126;120303;;;0;0;0;0;21821;31206005;45987005;0159;;000088611;043649;0001;01;001;13/02/2023;2;;;;;0;0;;0;0;;0;;;  /  /    ;;0;;;041;;0;0;Nao;0;0;0;0;0;0;0;0;0;0;;;;;;;;;0;0;;001;;;0;0;0;0;;;0;0;;13/02/2023;0;0;0;0;;0;0;0;;0;0;0;18;;0;0;0;0;  /  /    ;0;;;0;;0;0;0;;0;0;260.66;0;0;0;0;0;0;0;1.65;0;0;;0;5731.74;7.6;0;0;0;0;0;0;0;;0;0;0;0;0;;;91A1DF02-DC40-408F-96D3-29642FFF5A60;0;0;0;0;0;0;0;0;0;0;0;0;0;0;0;;0;0;0;0;0;0;0;0;0;0;0;0;0;0;0;0;0;0;0;0;0;;0;0;0;;;;;;0;0;0;0;;;;;;;;;;;;;;0;0;18;0;0;2;0;0;0;0;0;0;0;0;0;0;;;;;
0101;0002;PN015227;GOODYEAR G8 900/R22 (LISO);UN;UN;4;1459;5836;0;0;012;1126;120303;;;0;0;0;0;21821;31206005;45987005;0159;;000088611;043649;0002;01;001;13/02/2023;4;;;;;0;0;;0;0;;0;;;  /  /    ;;0;;;041;;0;0;Nao;0;0;0;0;0;0;0;0;0;0;;;;;;;;;0;0;;001;;;0;0;0;0;;;0;0;;13/02/2023;0;0;0;0;;0;0;0;;0;0;0;18;;0;0;0;0;  /  /    ;0;;;0;;0;0;0;;0;0;0;0;0;0;0;0;0;0;1.65;0;0;;0;0;7.6;0;0;0;0;0;0;0;;0;0;0;0;0;;;C358B01D-28AA-4111-A7B8-FF0867D5C6E0;0;0;0;0;0;0;0;0;0;0;0;0;0;0;0;;0;0;0;0;0;0;0;0;0;0;0;0;0;0;0;0;0;0;0;0;0;;0;0;0;;;;;;0;0;0;0;;;;;;;;;;;;;;0;0;0;0;0;4;0;0;0;0;0;0;0;0;0;0;;;;;
0101;0001;PN015185;GOODYEAR KMAX D 295/80R22.5 TR;UN;UN;6;2718.61;16311.66;0;2936.1;001;1126;120303;;;0;0;18;0;21821;31206005;45987005;0282;;000444159;043650;0001;01;001;13/02/2023;6;;;;;0;0;;16311.66;0;;0;;;  /  /    ;;0;;;000;;0;0;Nao;0;0;0;0;0;0;0;0;0;0;;;;;;;;;0;0;;001;;;0;0;0;0;;;0;0;;13/02/2023;0;0;0;0;;0;0;0;;0;0;0;18;;0;0;0;0;  /  /    ;0;;;0;;0;0;0;;0;0;872.1;0;0;0;0;0;0;0;1.65;0;0;;0;19175.7;7.6;0;0;0;0;0;0;0;;0;0;0;0;0;;;B0653572-32C7-4FEE-BD9B-FF343877B82E;0;0;0;0;0;0;0;0;0;0;0;0;0;0;0;;0;0;0;0;0;0;0;18;0;0;0;0;0;0;0;0;0;0;0;0;0;;0;0;0;;;;;;0;0;0;0;;;;;;;;;;;;;;0;0;18;0;0;6;0;0;0;0;0;0;0;0;0;0;;;;;
0101;0002;PN015187;GOODYEAR KMAX S 295/80R22.5 DI;UN;UN;8;2387.79;19102.32;0;3438.42;001;1126;120303;;;0;0;18;0;21821;31206005;45987005;0282;;000444159;043650;0002;01;001;13/02/2023;8;;;;;0;0;;19102.32;0;;0;;;  /  /    ;;0;;;000;;0;0;Nao;0;0;0;0;0;0;0;0;0;0;;;;;;;;;0;0;;001;;;0;0;0;0;;;0;0;;13/02/2023;0;0;0;0;;0;0;0;;0;0;0;18;;0;0;0;0;  /  /    ;0;;;0;;0;0;0;;0;0;1075.04;0;0;0;0;0;0;0;1.65;0;0;;0;23638.32;7.6;0;0;0;0;0;0;0;;0;0;0;0;0;;;C4469A26-D3EE-409A-AB1E-0C5491906629;0;0;0;0;0;0;0;0;0;0;0;0;0;0;0;;0;0;0;0;0;0;0;18;0;0;0;0;0;0;0;0;0;0;0;0;0;;0;0;0;;;;;;0;0;0;0;;;;;;;;;;;;;;0;0;18;0;0;8;0;0;0;0;0;0;0;0;0;0;;;;;
0101;0004;PN015188;GOODYEAR KMAX S 275/80R22.5 DI;UN;UN;4;2211.7;8846.8;0;1592.42;001;1126;120303;;;0;0;18;0;21821;31206005;45987005;0282;;000444159;043650;0004;01;001;13/02/2023;4;;;;;0;0;;8846.8;0;;0;;;  /  /    ;;0;;;000;;0;0;Nao;0;0;0;0;0;0;0;0;0;0;;;;;;;;;0;0;;001;;;0;0;0;0;;;0;0;;13/02/2023;0;0;0;0;;0;0;0;;0;0;0;18;;0;0;0;0;  /  /    ;0;;;0;;0;0;0;;0;0;497.88;0;0;0;0;0;0;0;1.65;0;0;;0;10947.6;7.6;0;0;0;0;0;0;0;;0;0;0;0;0;;;FF9DD8D4-A117-4A27-A113-C3D035711038;0;0;0;0;0;0;0;0;0;0;0;0;0;0;0;;0;0;0;0;0;0;0;18;0;0;0;0;0;0;0;0;0;0;0;0;0;;0;0;0;;;;;;0;0;0;0;;;;;;;;;;;;;;0;0;18;0;0;4;0;0;0;0;0;0;0;0;0;0;;;;;
0101;0003;PN015189;GOODYEAR G658 1100/R22 DI;UN;UN;5;2735;13675;0;2461.5;001;1126;120303;;;0;0;18;0;21821;31206005;45987005;0282;;000444159;043650;0003;01;001;13/02/2023;5;;;;;0;0;;13675;0;;0;;;  /  /    ;;0;;;000;;0;0;Nao;0;0;0;0;0;0;0;0;0;0;;;;;;;;;0;0;;001;;;0;0;0;0;;;0;0;;13/02/2023;0;0;0;0;;0;0;0;;0;0;0;18;;0;0;0;0;  /  /    ;0;;;0;;0;0;0;;0;0;686;0;0;0;0;0;0;0;1.65;0;0;;0;15083.6;7.6;0;0;0;0;0;0;0;;0;0;0;0;0;;;91A1DF02-DC40-408F-96D3-29642FFF5A60;0;0;0;0;0;0;0;0;0;0;0;0;0;0;0;;0;0;0;0;0;0;0;18;0;0;0;0;0;0;0;0;0;0;0;0;0;;0;0;0;;;;;;0;0;0;0;;;;;;;;;;;;;;0;0;18;0;0;5;0;0;0;0;0;0;0;0;0;0;;;;;
0101;0001;PN015189;GOODYEAR G658 1100/R22 DI;UN;UN;3;2735;8205;0;0;012;1126;120303;;;0;0;0;0;21821;31206005;45987005;0303;;000104436;043787;0001;01;001;14/02/2023;3;;;;;0;0;;0;0;;0;;;  /  /    ;;0;;;041;;0;0;Nao;0;0;0;0;0;0;0;0;0;0;;;;;;;;;0;0;;001;;;0;0;0;0;;;0;0;;14/02/2023;0;0;0;0;;0;0;0;;0;0;0;18;;0;0;0;0;  /  /    ;0;;;0;;0;0;0;;0;0;412.62;0;0;0;0;0;0;0;1.65;0;0;;0;9072.72;7.6;0;0;0;0;0;0;0;;0;0;0;0;0;;;91A1DF02-DC40-408F-96D3-29642FFF5A60;0;0;0;0;0;0;0;0;0;0;0;0;0;0;0;;0;0;0;0;0;0;0;0;0;0;0;0;0;0;0;0;0;0;0;0;0;;0;0;0;;;;;;0;0;0;0;;;;;;;;;;;;;;0;0;18;0;0;3;0;0;0;0;0;0;0;0;0;0;;;;;
0101;0001;PN015193;MICHELIN MULTI Z 295/R22.5 DI;UN;UN;6;2950;17700;0;3186;001;1126;160206;;;0;0;18;0;21821;31206005;50941962;0002;;000030078;043906;0001;01;002;22/02/2023;6;;;;;0;0;;17700;0;;0;;;  /  /    ;;0;;;000;;0;0;Nao;0;0;0;0;0;0;0;0;0;0;;;;;;;;;0;0;;001;;;0;0;0;0;;;0;0;;22/02/2023;0;0;0;0;;0;0;0;;0;0;0;18;;0;0;0;0;  /  /    ;0;;;0;;0;0;0;;0;0;3542.88;0;0;0;0;0;0;0;1.65;0;0;;0;19682.7;7.6;0;0;0;0;0;0;0;;0;0;0;0;0;;;0A007031-A11C-444D-B741-F9D1298B34D2;0;0;0;0;0;0;0;0;0;0;0;0;0;0;0;;0;0;0;0;0;0;0;18;0;0;0;0;0;0;0;0;0;0;0;0;0;;0;0;0;;;;;;0;0;0;0;;;;;;;;;;;;;;0;0;18;0;0;6;0;0;0;0;0;0;0;0;0;0;;;;;
0101;0002;PN015198;MICHELIN MULTI T 295/R22.5 E.L;UN;UN;6;2655;15930;0;2867.4;001;1126;160206;;;0;0;18;0;21821;31206005;50941962;0002;;000030078;043906;0002;01;002;22/02/2023;6;;;;;0;0;;15930;0;;0;;;  /  /    ;;0;;;000;;0;0;Nao;0;0;0;0;0;0;0;0;0;0;;;;;;;;;0;0;;001;;;0;0;0;0;;;0;0;;22/02/2023;0;0;0;0;;0;0;0;;0;0;0;18;;0;0;0;0;  /  /    ;0;;;0;;0;0;0;;0;0;3274.62;0;0;0;0;0;0;0;1.65;0;0;;0;18192.42;7.6;0;0;0;0;0;0;0;;0;0;0;0;0;;;73C01E60-3713-4612-BE68-5B7CFE52077E;0;0;0;0;0;0;0;0;0;0;0;0;0;0;0;;0;0;0;0;0;0;0;18;0;0;0;0;0;0;0;0;0;0;0;0;0;;0;0;0;;;;;;0;0;0;0;;;;;;;;;;;;;;0;0;18;0;0;6;0;0;0;0;0;0;0;0;0;0;;;;;
0101;0001;PN015185;GOODYEAR KMAX D 295/80R22.5 TR;UN;UN;4;2718.17;10872.68;0;1957.08;001;1126;160206;;;0;0;18;0;21821;31206005;45987005;0282;;000446922;043977;0001;01;001;22/02/2023;4;;;;;0;0;;10872.68;0;;0;;;  /  /    ;;0;;;000;;0;0;Nao;0;0;0;0;0;0;0;0;0;0;;;;;;;;;0;0;;001;;;0;0;0;0;;;0;0;;22/02/2023;0;0;0;0;;0;0;0;;0;0;0;18;;0;0;0;0;  /  /    ;0;;;0;;0;0;0;;0;0;593.64;0;0;0;0;0;0;0;1.65;0;0;;0;13052.92;7.6;0;0;0;0;0;0;0;;0;0;0;0;0;;;B0653572-32C7-4FEE-BD9B-FF343877B82E;0;0;0;0;0;0;0;0;0;0;0;0;0;0;0;;0;0;0;0;0;0;0;18;0;0;0;0;0;0;0;0;0;0;0;0;0;;0;0;0;;;;;;0;0;0;0;;;;;;;;;;;;;;0;0;18;0;0;4;0;0;0;0;0;0;0;0;0;0;;;;;
0101;0001;PN015189;GOODYEAR G658 1100/R22 DI;UN;UN;2;2735;5470;0;984.6;001;1126;160206;;;0;0;18;0;21821;31206005;45987005;0159;;000088863;044048;0001;01;001;27/02/2023;2;;;;;0;0;;5470;0;;0;;;  /  /    ;;0;;;000;;0;0;Nao;0;0;0;0;0;0;0;0;0;0;;;;;;;;;0;0;;001;;;0;0;0;0;;;0;0;;27/02/2023;0;0;0;0;;0;0;0;;0;0;0;18;;0;0;0;0;  /  /    ;0;;;0;;0;0;0;;0;0;274.38;0;0;0;0;0;0;0;1.65;0;0;;0;6033.4;7.6;0;0;0;0;0;0;0;;0;0;0;0;0;;;91A1DF02-DC40-408F-96D3-29642FFF5A60;0;0;0;0;0;0;0;0;0;0;0;0;0;0;0;;0;0;0;0;0;0;0;18;0;0;0;0;0;0;0;0;0;0;0;0;0;;0;0;0;;;;;;0;0;0;0;;;;;;;;;;;;;;0;0;18;0;0;2;0;0;0;0;0;0;0;0;0;0;;;;;
0101;0001;PN015187;GOODYEAR KMAX S 295/80R22.5 DI;UN;UN;12;2387.42;28649.04;0;5156.83;001;1126;160206;;;0;0;18;0;21821;31206005;45987005;0282;;000448602;044162;0001;01;001;28/02/2023;12;;;;;0;0;;28649.04;0;;0;;;  /  /    ;;0;;;000;;0;0;Nao;0;0;0;0;0;0;0;0;0;0;;;;;;;;;0;0;;001;;;0;0;0;0;;;0;0;;28/02/2023;0;0;0;0;;0;0;0;;0;0;0;18;;0;0;0;0;  /  /    ;0;;;0;;0;0;0;;0;0;1612.56;0;0;0;0;0;0;0;1.65;0;0;;0;35457.48;7.6;0;0;0;0;0;0;0;;0;0;0;0;0;;;C4469A26-D3EE-409A-AB1E-0C5491906629;0;0;0;0;0;0;0;0;0;0;0;0;0;0;0;;0;0;0;0;0;0;0;18;0;0;0;0;0;0;0;0;0;0;0;0;0;;0;0;0;;;;;;0;0;0;0;;;;;;;;;;;;;;0;0;18;0;0;12;0;0;0;0;0;0;0;0;0;0;;;;;
0101;0001;PN015185;GOODYEAR KMAX D 295/80R22.5 TR;UN;UN;10;2706.64;27066.4;0;4871.95;001;1126;160206;;;0;0;18;0;21821;31206005;45987005;0282;;000450119;044319;0001;01;001;10/03/2023;10;;;;;0;0;;27066.4;0;;0;;;  /  /    ;;0;;;000;;0;0;Nao;0;0;0;0;0;0;0;0;0;0;;;;;;;;;0;0;;001;;;0;0;0;0;;;0;0;;10/03/2023;0;0;0;0;;0;0;0;;0;0;0;18;;0;0;0;0;  /  /    ;0;;;0;;0;0;0;;0;0;1530;0;0;0;0;0;0;0;1.65;0;0;;0;33641.6;7.6;0;0;0;0;0;0;0;;0;0;0;0;0;;;1B3A01DD-CCDE-45C8-9195-A7BD1C75C430;0;0;0;0;0;0;0;0;0;0;0;0;0;0;0;;0;0;0;0;0;0;0;18;0;0;0;0;0;0;0;0;0;0;0;0;0;;0;0;0;;;;;;0;0;0;0;;;;;;;;;;;;;;0;0;18;0;0;10;0;0;0;0;0;0;0;0;0;0;;;;;
0101;0002;PN015187;GOODYEAR KMAX S 295/80R22.5 DI;UN;UN;10;2377.29;23772.9;0;4279.12;001;1126;160206;;;0;0;18;0;21821;31206005;45987005;0282;;000450119;044319;0002;01;001;10/03/2023;10;;;;;0;0;;23772.9;0;;0;;;  /  /    ;;0;;;000;;0;0;Nao;0;0;0;0;0;0;0;0;0;0;;;;;;;;;0;0;;001;;;0;0;0;0;;;0;0;;10/03/2023;0;0;0;0;;0;0;0;;0;0;0;18;;0;0;0;0;  /  /    ;0;;;0;;0;0;0;;0;0;1343.8;0;0;0;0;0;0;0;1.65;0;0;;0;29547.9;7.6;0;0;0;0;0;0;0;;0;0;0;0;0;;;C4469A26-D3EE-409A-AB1E-0C5491906629;0;0;0;0;0;0;0;0;0;0;0;0;0;0;0;;0;0;0;0;0;0;0;18;0;0;0;0;0;0;0;0;0;0;0;0;0;;0;0;0;;;;;;0;0;0;0;;;;;;;;;;;;;;0;0;18;0;0;10;0;0;0;0;0;0;0;0;0;0;;;;;
0101;0003;PN015188;GOODYEAR KMAX S 275/80R22.5 DI;UN;UN;6;2246.02;13476.12;0;2425.71;001;1126;160206;;;0;0;18;0;21821;31206005;45987005;0282;;000450119;044319;0003;01;001;10/03/2023;6;;;;;0;0;;13476.12;0;;0;;;  /  /    ;;0;;;000;;0;0;Nao;0;0;0;0;0;0;0;0;0;0;;;;;;;;;0;0;;001;;;0;0;0;0;;;0;0;;10/03/2023;0;0;0;0;;0;0;0;;0;0;0;18;;0;0;0;0;  /  /    ;0;;;0;;0;0;0;;0;0;761.76;0;0;0;0;0;0;0;1.65;0;0;;0;16749.78;7.6;0;0;0;0;0;0;0;;0;0;0;0;0;;;A7A7DB4F-8656-424B-94D5-202287881C17;0;0;0;0;0;0;0;0;0;0;0;0;0;0;0;;0;0;0;0;0;0;0;18;0;0;0;0;0;0;0;0;0;0;0;0;0;;0;0;0;;;;;;0;0;0;0;;;;;;;;;;;;;;0;0;18;0;0;6;0;0;0;0;0;0;0;0;0;0;;;;;
0101;0001;PN015189;GOODYEAR G658 1100/R22 DI;UN;UN;8;2464.25;19714;0;3548.52;001;1126;160206;;;0;0;18;0;21821;31206005;45987005;0159;;000088982;044320;0001;01;001;10/03/2023;8;;;;;0;0;;19714;0;;0;;;  /  /    ;;0;;;000;;0;0;Nao;0;0;0;0;0;0;0;0;0;0;;;;;;;;;0;0;;001;;;0;0;0;0;;;0;0;;10/03/2023;0;0;0;0;;0;0;0;;0;0;0;18;;0;0;0;0;  /  /    ;0;;;0;;0;0;0;;0;0;1097.6;0;0;0;0;0;0;0;1.65;0;0;;0;24133.76;7.6;0;0;0;0;0;0;0;;0;0;0;0;0;;;91A1DF02-DC40-408F-96D3-29642FFF5A60;0;0;0;0;0;0;0;0;0;0;0;0;0;0;0;;0;0;0;0;0;0;0;18;0;0;0;0;0;0;0;0;0;0;0;0;0;;0;0;0;;;;;;0;0;0;0;;;;;;;;;;;;;;0;0;18;0;0;8;0;0;0;0;0;0;0;0;0;0;;;;;
0101;0001;PN015189;GOODYEAR G658 1100/R22 DI;UN;UN;2;2464.43;4928.86;0;887.19;001;1126;160206;;;0;0;18;0;21821;31206005;45987005;0159;;000089004;044392;0001;01;001;10/03/2023;2;;;;;0;0;;4928.86;0;;0;;;  /  /    ;;0;;;000;;0;0;Nao;0;0;0;0;0;0;0;0;0;0;;;;;;;;;0;0;;001;;;0;0;0;0;;;0;0;;10/03/2023;0;0;0;0;;0;0;0;;0;0;0;18;;0;0;0;0;  /  /    ;0;;;0;;0;0;0;;0;0;275.08;0;0;0;0;0;0;0;1.65;0;0;;0;6048.44;7.6;0;0;0;0;0;0;0;;0;0;0;0;0;;;91A1DF02-DC40-408F-96D3-29642FFF5A60;0;0;0;0;0;0;0;0;0;0;0;0;0;0;0;;0;0;0;0;0;0;0;18;0;0;0;0;0;0;0;0;0;0;0;0;0;;0;0;0;;;;;;0;0;0;0;;;;;;;;;;;;;;0;0;18;0;0;2;0;0;0;0;0;0;0;0;0;0;;;;;
0101;0001;PN015185;GOODYEAR KMAX D 295/80R22.5 TR;UN;UN;4;2706.85;10827.4;0;1948.93;001;1126;120303;;;0;0;18;0;21821;31206005;45987005;0159;;000089192;044715;0001;01;001;22/03/2023;4;;;;;0;0;;10827.4;0;;0;;;  /  /    ;;0;;;000;;0;0;Nao;0;0;0;0;0;0;0;0;0;0;;;;;;;;;0;0;;001;;;0;0;0;0;;;0;0;;22/03/2023;0;0;0;0;;0;0;0;;0;0;0;18;;0;0;0;0;  /  /    ;0;;;0;;0;0;0;;0;0;584.72;0;0;0;0;0;0;0;1.65;0;0;;0;12857.12;7.6;0;0;0;0;0;0;0;;0;0;0;0;0;;;1B3A01DD-CCDE-45C8-9195-A7BD1C75C430;0;0;0;0;0;0;0;0;0;0;0;0;0;0;0;;0;0;0;0;0;0;0;18;0;0;0;0;0;0;0;0;0;0;0;0;0;;0;0;0;;;;;;0;0;0;0;;;;;;;;;;;;;;0;0;18;0;0;4;0;0;0;0;0;0;0;0;0;0;;;;;
0101;0002;PN015185;GOODYEAR KMAX D 295/80R22.5 TR;UN;UN;3;2706.85;8120.55;0;1461.7;001;1126;120303;;;0;0;18;0;21821;31206005;45987005;0159;;000089192;044715;0001;01;001;22/03/2023;3;;;;;0;0;;8120.55;0;;0;;;  /  /    ;;0;;;000;;0;0;Nao;0;0;0;0;0;0;0;0;0;0;;;;;;;;;0;0;;001;;;0;0;0;0;;;0;0;;22/03/2023;0;0;0;0;;0;0;0;;0;0;0;18;;0;0;0;0;  /  /    ;0;;;0;;0;0;0;;0;0;438.54;0;0;0;0;0;0;0;1.65;0;0;;0;9642.84;7.6;0;0;0;0;0;0;0;;0;0;0;0;0;;;;0;0;0;0;0;0;0;0;0;0;0;0;0;0;0;;0;0;0;0;0;0;0;18;0;0;0;0;0;0;0;0;0;0;0;0;0;;0;0;0;;;;;;0;0;0;0;;;;;;;;;;;;;;0;0;18;0;0;3;0;0;0;0;0;0;0;0;0;0;;;;;
0101;0003;PN015185;GOODYEAR KMAX D 295/80R22.5 TR;UN;UN;1;2706.85;2706.85;0;487.23;001;1126;120303;;;0;0;18;0;21821;31206005;45987005;0159;;000089192;044715;0001;01;001;22/03/2023;1;;;;;0;0;;2706.85;0;;0;;;  /  /    ;;0;;;000;;0;0;Nao;0;0;0;0;0;0;0;0;0;0;;;;;;;;;0;0;;001;;;0;0;0;0;;;0;0;;22/03/2023;0;0;0;0;;0;0;0;;0;0;0;18;;0;0;0;0;  /  /    ;0;;;0;;0;0;0;;0;0;146.18;0;0;0;0;0;0;0;1.65;0;0;;0;3214.28;7.6;0;0;0;0;0;0;0;;0;0;0;0;0;;;B0653572-32C7-4FEE-BD9B-FF343877B82E;0;0;0;0;0;0;0;0;0;0;0;0;0;0;0;;0;0;0;0;0;0;0;18;0;0;0;0;0;0;0;0;0;0;0;0;0;;0;0;0;;;;;;0;0;0;0;;;;;;;;;;;;;;0;0;18;0;0;1;0;0;0;0;0;0;0;0;0;0;;;;;
0101;0001;PN015188;GOODYEAR KMAX S 275/80R22.5 DI;UN;UN;1;2246.18;2246.18;0;404.31;001;1126;120303;;;0;0;18;0;21821;31206005;45987005;0132;;000065652;045130;0001;01;001;31/03/2023;1;;;;;0;0;;2246.18;0;;0;;;  /  /    ;;0;;;000;;0;0;Nao;0;0;0;0;0;0;0;0;0;0;;;;;;;;;0;0;;001;;;0;0;0;0;;;0;0;;31/03/2023;0;0;0;0;;0;0;0;;0;0;0;18;;0;0;0;0;  /  /    ;0;;;0;;0;0;0;;0;0;121.3;0;0;0;0;0;0;0;1.65;0;0;;0;2667.27;7.6;0;0;0;0;0;0;0;;0;0;0;0;0;;;A7A7DB4F-8656-424B-94D5-202287881C17;0;0;0;0;0;0;0;0;0;0;0;0;0;0;0;;0;0;0;0;0;0;0;18;0;0;0;0;0;0;0;0;0;0;0;0;0;;0;0;0;;;;;;0;0;0;0;;;;;;;;;;;;;;0;0;18;0;0;1;0;0;0;0;0;0;0;0;0;0;;;;;
0101;0001;PN015187;GOODYEAR KMAX S 295/80R22.5 DI;UN;UN;4;2377.47;9509.88;0;1711.78;001;1126;160206;;;0;0;18;0;21821;31206005;45987005;0159;;000089454;045276;0001;01;001;14/04/2023;4;;;;;0;0;;9509.88;0;;0;;;  /  /    ;;0;;;000;;0;0;Nao;0;0;0;0;0;0;0;0;0;0;;;;;;;;;0;0;;001;;;0;0;0;0;;;0;0;;14/04/2023;0;0;0;0;;0;0;0;;0;0;0;18;;0;0;0;0;  /  /    ;0;;;0;;0;0;0;;0;0;537.52;0;0;0;0;0;0;0;1.65;0;0;;0;11819.16;7.6;0;0;0;0;0;0;0;;0;0;0;0;0;;;C4469A26-D3EE-409A-AB1E-0C5491906629;0;0;0;0;0;0;0;0;0;0;0;0;0;0;0;;0;0;0;0;0;0;0;18;0;0;0;0;0;0;0;0;0;0;0;0;0;;0;0;0;;;;;;0;0;0;0;;;;;;;;;;;;;;0;0;18;0;0;4;0;0;0;0;0;0;0;0;0;0;;;;;
0101;0002;PN015185;GOODYEAR KMAX D 295/80R22.5 TR;UN;UN;4;2706.85;10827.4;0;1948.93;001;1126;160206;;;0;0;18;0;21821;31206005;45987005;0159;;000089420;045328;0002;01;001;11/04/2023;4;;;;;0;0;;10827.4;0;;0;;;  /  /    ;;0;;;000;;0;0;Nao;0;0;0;0;0;0;0;0;0;0;;;;;;;;;0;0;;001;;;0;0;0;0;;;0;0;;11/04/2023;0;0;0;0;;0;0;0;;0;0;0;18;;0;0;0;0;  /  /    ;0;;;0;;0;0;0;;0;0;590.76;0;0;0;0;0;0;0;1.65;0;0;;0;12989.64;7.6;0;0;0;0;0;0;0;;0;0;0;0;0;;;;0;0;0;0;0;0;0;0;0;0;0;0;0;0;0;;0;0;0;0;0;0;0;18;0;0;0;0;0;0;0;0;0;0;0;0;0;;0;0;0;;;;;;0;0;0;0;;;;;;;;;;;;;;0;0;18;0;0;4;0;0;0;0;0;0;0;0;0;0;;;;;
0101;0001;PN015189;GOODYEAR G658 1100/R22 DI;UN;UN;5;2464.25;12321.25;0;2217.83;001;1126;160206;;;0;0;18;0;21821;31206005;45987005;0159;;000089420;045328;0001;01;001;11/04/2023;5;;;;;0;0;;12321.25;0;;0;;;  /  /    ;;0;;;000;;0;0;Nao;0;0;0;0;0;0;0;0;0;0;;;;;;;;;0;0;;001;;;0;0;0;0;;;0;0;;11/04/2023;0;0;0;0;;0;0;0;;0;0;0;18;;0;0;0;0;  /  /    ;0;;;0;;0;0;0;;0;0;665.4;0;0;0;0;0;0;0;1.65;0;0;;0;14631;7.6;0;0;0;0;0;0;0;;0;0;0;0;0;;;91A1DF02-DC40-408F-96D3-29642FFF5A60;0;0;0;0;0;0;0;0;0;0;0;0;0;0;0;;0;0;0;0;0;0;0;18;0;0;0;0;0;0;0;0;0;0;0;0;0;;0;0;0;;;;;;0;0;0;0;;;;;;;;;;;;;;0;0;18;0;0;5;0;0;0;0;0;0;0;0;0;0;;;;;
0101;0001;PN015189;GOODYEAR G658 1100/R22 DI;UN;UN;2;2464.25;4928.5;0;887.13;001;1126;160206;;;0;0;18;0;21821;31206005;45987005;0300;;000180676;045398;0001;01;001;14/04/2023;2;;;;;0;0;;4928.5;0;;0;;;  /  /    ;;0;;;000;;0;0;Nao;0;0;0;0;0;0;0;0;0;0;;;;;;;;;0;0;;001;;;0;0;0;0;;;0;0;;14/04/2023;0;0;0;0;;0;0;0;;0;0;0;18;;0;0;0;0;  /  /    ;0;;;0;;0;0;0;;0;0;274.8;0;0;0;0;0;0;0;1.65;0;0;;0;6042.46;7.6;0;0;0;0;0;0;0;;0;0;0;0;0;;;91A1DF02-DC40-408F-96D3-29642FFF5A60;0;0;0;0;0;0;0;0;0;0;0;0;0;0;0;;0;0;0;0;0;0;0;18;0;0;0;0;0;0;0;0;0;0;0;0;0;;0;0;0;;;;;;0;0;0;0;;;;;;;;;;;;;;0;0;18;0;0;2;0;0;0;0;0;0;0;0;0;0;;;;;
0101;0001;PN015188;GOODYEAR KMAX S 275/80R22.5 DI;UN;UN;4;2246.18;8984.72;0;1617.25;001;1126;160206;;;0;0;18;0;21821;31206005;45987005;0282;;000458970;045399;0001;01;001;17/04/2023;4;;;;;0;0;;8984.72;0;;0;;;  /  /    ;;0;;;000;;0;0;Nao;0;0;0;0;0;0;0;0;0;0;;;;;;;;;0;0;;001;;;0;0;0;0;;;0;0;;17/04/2023;0;0;0;0;;0;0;0;;0;0;0;18;;0;0;0;0;  /  /    ;0;;;0;;0;0;0;;0;0;482.36;0;0;0;0;0;0;0;1.65;0;0;;0;10606.6;7.6;0;0;0;0;0;0;0;;0;0;0;0;0;;;A7A7DB4F-8656-424B-94D5-202287881C17;0;0;0;0;0;0;0;0;0;0;0;0;0;0;0;;0;0;0;0;0;0;0;18;0;0;0;0;0;0;0;0;0;0;0;0;0;;0;0;0;;;;;;0;0;0;0;;;;;;;;;;;;;;0;0;18;0;0;4;0;0;0;0;0;0;0;0;0;0;;;;;
0101;0001;PN015189;GOODYEAR G658 1100/R22 DI;UN;UN;1;2464.25;2464.25;0;443.57;001;1126;120303;;;0;0;18;0;21821;31206005;45987005;0250;;000059032;045495;0001;01;001;25/04/2023;1;;;;;0;0;;2464.25;0;;0;;;  /  /    ;;0;;;000;;0;0;Nao;0;0;0;0;0;0;0;0;0;0;;;;;;;;;0;0;;001;;;0;0;0;0;;;0;0;;25/04/2023;0;0;0;0;;0;0;0;;0;0;0;18;;0;0;0;0;  /  /    ;0;;;0;;0;0;0;;0;0;130.53;0;0;0;0;0;0;0;1.65;0;0;;0;2870.16;7.6;0;0;0;0;0;0;0;;0;0;0;0;0;;;91A1DF02-DC40-408F-96D3-29642FFF5A60;0;0;0;0;0;0;0;0;0;0;0;0;0;0;0;;0;0;0;0;0;0;0;18;0;0;0;0;0;0;0;0;0;0;0;0;0;;0;0;0;;;;;;0;0;0;0;;;;;;;;;;;;;;0;0;18;0;0;1;0;0;0;0;0;0;0;0;0;0;;;;;
0101;0001;PN015233;DUNLOP SP350A 1100 R22 LISO;UN;UN;6;1963.24;11779.44;153.13;477.3;001;2126;160206;;;0;1.3;4;0;21821;31206005;13816470;0001;;000162242;045669;0001;01;001;19/04/2023;6;;;;;3513.35;0;;11932.57;0;;11779.44;;;  /  /    ;;0;;;000;;1670.56;0;Nao;0;0;0;0;0;0;0;0;0;0;;;;;;;;;0;0;;001;;;0;0;0;0;;;0;0;;19/04/2023;0;0;0;0;;0;0;0;;0;0;0;18;;0;0;0;0;  /  /    ;0;;;0;;0;0;0;;0;0;0;0;0;0;0;0;0;0;1.65;0;0;;0;0;7.6;0;0;0;0;0;0;0;;0;0;0;0;0;;;;0;0;0;0;0;0;0;0;0;0;0;0;0;0;0;;0;0;0;0;0;0;0;18;0;0;0;0;0;0;0;0;0;0;0;0;0;;0;0;0;;;;;;0;0;0;0;;;;;;;;;;;;;;0;0;0;0;0;6;0;0;0;0;0;0;0;0;0;0;;;;;
0101;0002;PN015234;DUNLOP SP835 295/80 BORRACHUDO;UN;UN;4;2.133.655;8534.62;110.95;345.83;001;2126;160206;;;0;1.3;4;0;21821;31206005;13816470;0001;;000162242;045669;0002;01;001;19/04/2023;4;;;;;0;0;;8645.57;0;;8534.62;;;  /  /    ;;0;;;000;;1210.38;0;Nao;0;0;0;0;0;0;0;0;0;0;;;;;;;;;0;0;;001;;;0;0;0;0;;;0;0;;19/04/2023;0;0;0;0;;0;0;0;;0;0;0;18;;0;0;0;0;  /  /    ;0;;;0;;0;0;0;;0;0;0;0;0;0;0;0;0;0;1.65;0;0;;0;0;7.6;0;0;0;0;0;0;0;;0;0;0;0;0;;;;0;0;0;0;0;0;0;0;0;0;0;0;0;0;0;;0;0;0;0;0;0;0;18;0;0;0;0;0;0;0;0;0;0;0;0;0;;0;0;0;;;;;;0;0;0;0;;;;;;;;;;;;;;0;0;0;0;0;4;0;0;0;0;0;0;0;0;0;0;;;;;
0101;0001;PN015232;DUNLOP SP320 295/80 DIRECIONAL;UN;UN;20;20.054.585;40109.17;521.42;4875.67;001;2126;160206;;;0;1.3;12;0;21821;31206005;13816470;0001;;000162245;045670;0001;01;001;19/04/2023;20;;;;;2972.97;0;;40630.59;0;;0;;;  /  /    ;;0;;;000;;2437.84;0;Nao;0;0;0;0;0;0;0;0;0;0;;;;;;;;;0;0;;001;;;0;0;0;0;;;0;0;;19/04/2023;0;0;0;0;;0;0;0;;0;0;0;18;;0;0;0;0;  /  /    ;0;;;0;;0;0;0;;0;0;0;0;0;0;0;0;0;0;1.65;0;0;;0;0;7.6;0;0;0;0;0;0;0;;0;0;0;0;0;;;0F85DD5A-1FB6-487E-BF3A-16188E353A97;0;0;0;0;0;0;0;0;0;0;0;0;0;0;0;;0;0;0;0;0;0;0;18;0;0;0;0;0;0;0;0;0;0;0;0;0;;0;0;0;;;;;;0;0;0;0;;;;;;;;;;;;;;0;0;0;0;0;20;0;0;0;0;0;0;0;0;0;0;;;;;
0101;0001;PN015185;GOODYEAR KMAX D 295/80R22.5 TR;UN;UN;8;2706.85;21654.8;0;3897.86;001;1126;120303;;;0;0;18;0;21821;31206005;45987005;0282;;000464070;046106;0001;01;001;10/05/2023;8;;;;;0;0;;21654.8;0;;0;;;  /  /    ;;0;;;000;;0;0;Nao;0;0;0;0;0;0;0;0;0;0;;;;;;;;;0;0;;001;;;0;0;0;0;;;0;0;;10/05/2023;0;0;0;0;;0;0;0;;0;0;0;18;;0;0;0;0;  /  /    ;0;;;0;;0;0;0;;0;0;1145.28;0;0;0;0;0;0;0;1.65;0;0;;0;25183.92;7.6;0;0;0;0;0;0;0;;0;0;0;0;0;;;;0;0;0;0;0;0;0;0;0;0;0;0;0;0;0;;0;0;0;0;0;0;0;18;0;0;0;0;0;0;0;0;0;0;0;0;0;;0;0;0;;;;;;0;0;0;0;;;;;;;;;;;;;;0;0;18;0;0;8;0;0;0;0;0;0;0;0;0;0;;;;;
0101;0002;PN015185;GOODYEAR KMAX D 295/80R22.5 TR;UN;UN;4;2706.85;10827.4;0;1948.93;001;1126;120303;;;0;0;18;0;21821;31206005;45987005;0282;;000466940;046418;0002;01;001;17/05/2023;4;;;;;0;0;;10827.4;0;;0;;;  /  /    ;;0;;;000;;0;0;Nao;0;0;0;0;0;0;0;0;0;0;;;;;;;;;0;0;;001;;;0;0;0;0;;;0;0;;17/05/2023;0;0;0;0;;0;0;0;;0;0;0;18;;0;0;0;0;  /  /    ;0;;;0;;0;0;0;;0;0;572.64;0;0;0;0;0;0;0;1.65;0;0;;0;12591.96;7.6;0;0;0;0;0;0;0;;0;0;0;0;0;;;1B3A01DD-CCDE-45C8-9195-A7BD1C75C430;0;0;0;0;0;0;0;0;0;0;0;0;0;0;0;;0;0;0;0;0;0;0;18;0;0;0;0;0;0;0;0;0;0;0;0;0;;0;0;0;;;;;;0;0;0;0;;;;;;;;;;;;;;0;0;18;0;0;4;0;0;0;0;0;0;0;0;0;0;;;;;
0101;0001;PN015188;GOODYEAR KMAX S 275/80R22.5 DI;UN;UN;6;2261.9;13571.4;0;2442.85;001;1126;120303;;;0;0;18;0;21821;31206005;45987005;0282;;000466940;046418;0001;01;001;17/05/2023;6;;;;;0;0;;13571.4;0;;0;;;  /  /    ;;0;;;000;;0;0;Nao;0;0;0;0;0;0;0;0;0;0;;;;;;;;;0;0;;001;;;0;0;0;0;;;0;0;;17/05/2023;0;0;0;0;;0;0;0;;0;0;0;18;;0;0;0;0;  /  /    ;0;;;0;;0;0;0;;0;0;717.78;0;0;0;0;0;0;0;1.65;0;0;;0;15783.3;7.6;0;0;0;0;0;0;0;;0;0;0;0;0;;;A7A7DB4F-8656-424B-94D5-202287881C17;0;0;0;0;0;0;0;0;0;0;0;0;0;0;0;;0;0;0;0;0;0;0;18;0;0;0;0;0;0;0;0;0;0;0;0;0;;0;0;0;;;;;;0;0;0;0;;;;;;;;;;;;;;0;0;18;0;0;6;0;0;0;0;0;0;0;0;0;0;;;;;
0101;0003;PN015227;GOODYEAR G8 900/R22 (LISO);UN;UN;4;1475.94;5903.76;0;1062.68;001;1126;120303;;;0;0;18;0;21821;31206005;45987005;0282;;000466940;046418;0003;01;001;17/05/2023;4;;;;;0;0;;5903.76;0;;0;;;  /  /    ;;0;;;000;;0;0;Nao;0;0;0;0;0;0;0;0;0;0;;;;;;;;;0;0;;001;;;0;0;0;0;;;0;0;;17/05/2023;0;0;0;0;;0;0;0;;0;0;0;18;;0;0;0;0;  /  /    ;0;;;0;;0;0;0;;0;0;273.04;0;0;0;0;0;0;0;1.65;0;0;;0;6003.76;7.6;0;0;0;0;0;0;0;;0;0;0;0;0;;;C358B01D-28AA-4111-A7B8-FF0867D5C6E0;0;0;0;0;0;0;0;0;0;0;0;0;0;0;0;;0;0;0;0;0;0;0;18;0;0;0;0;0;0;0;0;0;0;0;0;0;;0;0;0;;;;;;0;0;0;0;;;;;;;;;;;;;;0;0;18;0;0;4;0;0;0;0;0;0;0;0;0;0;;;;;
0101;0001;PN015232;DUNLOP SP320 295/80 DIRECIONAL;UN;UN;40;17.719.297;70877.19;921.4;8615.83;001;2126;120303;;;0;1.3;12;0;21821;31206005;13816470;0001;;000165571;046590;0001;01;001;31/05/2023;40;;;;;5253.56;0;;71798.59;0;;70877.19;;;  /  /    ;;0;;;000;;4307.92;0;Nao;0;0;0;0;0;0;0;0;0;0;;;;;;;;;0;0;;001;;;0;0;0;0;;;0;0;;31/05/2023;0;0;0;0;;0;0;0;;0;0;0;18;;0;0;0;0;  /  /    ;0;;;0;;0;0;0;;0;0;0;0;0;0;0;0;0;0;1.65;0;0;;0;0;7.6;0;0;0;0;0;0;0;;0;0;0;0;0;;;0F85DD5A-1FB6-487E-BF3A-16188E353A97;0;0;0;0;0;0;0;0;0;0;0;0;0;0;0;;0;0;0;0;0;0;0;18;0;0;0;0;0;0;0;0;0;0;0;0;0;;0;0;0;;;;;;0;0;0;0;;;;;;;;;;;;;;0;0;0;0;0;40;0;0;0;0;0;0;0;0;0;0;;;;;
0101;0001;PN015232;DUNLOP SP320 295/80 DIRECIONAL;UN;UN;40;17.719.297;70877.19;921.4;8615.83;001;2126;120303;;;0;1.3;12;0;21821;31206005;13816470;0001;;000167647;047073;0001;01;001;26/06/2023;40;;;;;5253.56;0;;71798.59;0;;70877.19;;;  /  /    ;;0;;;000;;4307.92;0;Nao;0;0;0;0;0;0;0;0;0;0;;;;;;;;;0;0;;001;;;0;0;0;0;;;0;0;;26/06/2023;0;0;0;0;;0;0;0;;0;0;0;18;;0;0;0;0;  /  /    ;0;;;0;;0;0;0;;0;0;0;0;0;0;0;0;0;0;1.65;0;0;;0;0;7.6;0;0;0;0;0;0;0;;0;0;0;0;0;;;0F85DD5A-1FB6-487E-BF3A-16188E353A97;0;0;0;0;0;0;0;0;0;0;0;0;0;0;0;;0;0;0;0;0;0;0;18;0;0;0;0;0;0;0;0;0;0;0;0;0;;0;0;0;;;;;;0;0;0;0;;;;;;;;;;;;;;0;0;0;0;0;40;0;0;0;0;0;0;0;0;0;0;;;;;
0101;0001;PN015227;GOODYEAR G8 900/R22 (LISO);UN;UN;4;1481;5924;0;1066.32;001;1126;120303;;;0;0;18;0;21821;31206005;43242858;0005;;000086824;047810;0001;01;001;31/07/2023;4;;;;;0;0;;5924;0;;0;;;  /  /    ;;0;;;000;;0;0;Nao;0;0;0;0;0;0;0;0;0;0;;;;;;;;;0;0;;001;;;0;0;0;0;;;0;0;;31/07/2023;0;0;0;0;;0;0;0;;0;0;0;18;;0;0;0;0;  /  /    ;0;;;0;;0;0;0;;0;0;0;0;0;0;0;0;0;0;1.65;0;0;;0;0;7.6;0;0;0;0;0;0;0;;0;0;0;0;0;;;C358B01D-28AA-4111-A7B8-FF0867D5C6E0;0;0;0;0;0;0;0;0;0;0;0;0;0;0;0;;0;0;0;0;0;0;0;18;0;0;0;0;0;0;0;0;0;0;0;0;0;;0;0;0;;;;;;0;0;0;0;;;;;;;;;;;;;;0;0;0;0;0;4;0;0;0;0;0;0;0;0;0;0;;;;;
0101;0001;PN015234;DUNLOP SP835 295/80 BORRACHUDO;UN;UN;10;1.838.018;18380.18;238.94;744.76;001;2126;120303;;;0;1.3;4;0;21821;31206005;13816470;0001;;000170776;048111;0001;01;001;14/08/2023;10;;;;;3178.88;0;;18619.12;0;;18380.18;;;  /  /    ;;0;;;000;;2606.68;0;Nao;0;0;0;0;0;0;0;0;0;0;;;;;;;;;0;0;;001;;;0;0;0;0;;;0;0;;14/08/2023;0;0;0;0;;0;0;0;;0;0;0;18;;0;0;0;0;  /  /    ;0;;;0;;0;0;0;;0;0;0;0;0;0;0;0;0;0;1.65;0;0;;0;0;7.6;0;0;0;0;0;0;0;;0;0;0;0;0;;;;0;0;0;0;0;0;0;0;0;0;0;0;0;0;0;;0;0;0;0;0;0;0;18;0;0;0;0;0;0;0;0;0;0;0;0;0;;0;0;0;;;;;;0;0;0;0;;;;;;;;;;;;;;0;0;0;0;0;10;0;0;0;0;0;0;0;0;0;0;;;;;
0101;0001;PN015223;DUNLOP SP320 275/80 DIRECIONAL;UN;UN;10;1.667.399;16673.99;216.76;2026.89;001;2126;120303;;;0;1.3;12;0;21821;31206005;13816470;0001;;000170809;048112;0001;01;001;14/08/2023;10;;;;;2590.61;0;;16890.75;0;;16673.99;;;  /  /    ;;0;;;000;;1013.45;0;Nao;0;0;0;0;0;0;0;0;0;0;;;;;;;;;0;0;;001;;;0;0;0;0;;;0;0;;14/08/2023;0;0;0;0;;0;0;0;;0;0;0;18;;0;0;0;0;  /  /    ;0;;;0;;0;0;0;;0;0;0;0;0;0;0;0;0;0;1.65;0;0;;0;0;7.6;0;0;0;0;0;0;0;;0;0;0;0;0;;;C359777C-8086-40F1-A487-8FDFDF106285;0;0;0;0;0;0;0;0;0;0;0;0;0;0;0;;0;0;0;0;0;0;0;18;0;0;0;0;0;0;0;0;0;0;0;0;0;;0;0;0;;;;;;0;0;0;0;;;;;;;;;;;;;;0;0;0;0;0;10;0;0;0;0;0;0;0;0;0;0;;;;;
0101;0002;PN015232;DUNLOP SP320 295/80 DIRECIONAL;UN;UN;10;1.827.667;18276.67;237.6;2221.71;001;2126;120303;;;0;1.3;12;0;21821;31206005;13816470;0001;;000170809;048112;0002;01;001;14/08/2023;10;;;;;0;0;;18514.27;0;;18276.67;;;  /  /    ;;0;;;000;;1110.85;0;Nao;0;0;0;0;0;0;0;0;0;0;;;;;;;;;0;0;;001;;;0;0;0;0;;;0;0;;14/08/2023;0;0;0;0;;0;0;0;;0;0;0;18;;0;0;0;0;  /  /    ;0;;;0;;0;0;0;;0;0;0;0;0;0;0;0;0;0;1.65;0;0;;0;0;7.6;0;0;0;0;0;0;0;;0;0;0;0;0;;;0F85DD5A-1FB6-487E-BF3A-16188E353A97;0;0;0;0;0;0;0;0;0;0;0;0;0;0;0;;0;0;0;0;0;0;0;18;0;0;0;0;0;0;0;0;0;0;0;0;0;;0;0;0;;;;;;0;0;0;0;;;;;;;;;;;;;;0;0;0;0;0;10;0;0;0;0;0;0;0;0;0;0;;;;;
0101;0001;PN015208;BRIDGESTONE R269 295/80R22.5DI;UN;UN;2;2725;5450;0;0;014;1949;160206;;;0;0;0;0;21813;31206005;15331210;0001;;000103415;048553;0001;01;001;05/09/2023;2;;;;;0;0;;0;0;;0;;;  /  /    ;;0;;;090;;0;0;Nao;0;0;0;0;0;0;0;0;0;0;;;;;;;;;0;0;;001;;;0;0;0;0;;;0;0;;05/09/2023;0;0;0;0;;0;0;0;;0;0;0;18;;0;0;0;0;  /  /    ;0;;;0;;0;0;0;;0;0;0;0;0;0;0;0;0;0;1.65;0;0;;0;0;7.6;0;0;0;0;0;0;0;;0;0;0;0;0;;;;0;0;0;0;0;0;0;0;0;0;0;0;0;0;0;;0;0;0;0;0;0;0;0;0;0;0;0;0;0;0;0;0;0;0;0;0;;0;0;0;;;;;;0;0;0;0;;;;;;;;;;;;;;0;0;0;0;0;2;0;0;0;0;0;0;0;0;0;0;;;;;
0101;0001;PN015232;DUNLOP SP320 295/80 DIRECIONAL;UN;UN;30;17.744.343;53233.03;692.03;6471.01;001;2126;160206;;;0;1.3;12;0;21821;31206005;13816470;0001;;000172485;048611;0001;01;001;31/08/2023;30;;;;;5015.81;0;;53925.06;0;;53233.03;;;  /  /    ;;0;;;000;;3235.5;0;Nao;0;0;0;0;0;0;0;0;0;0;;;;;;;;;0;0;;001;;;0;0;0;0;;;0;0;;06/09/2023;0;0;0;0;;0;0;0;;0;0;0;18;;0;0;0;0;  /  /    ;0;;;0;;0;0;0;;0;0;0;0;0;0;0;0;0;0;1.65;0;0;;0;0;7.6;0;0;0;0;0;0;0;;0;0;0;0;0;;;0F85DD5A-1FB6-487E-BF3A-16188E353A97;0;0;0;0;0;0;0;0;0;0;0;0;0;0;0;;0;0;0;0;0;0;0;18;0;0;0;0;0;0;0;0;0;0;0;0;0;;0;0;0;;;;;;0;0;0;0;;;;;;;;;;;;;;0;0;0;0;0;30;0;0;0;0;0;0;0;0;0;0;;;;;
0101;0002;PN015234;DUNLOP SP835 295/80 BORRACHUDO;UN;UN;8;1804.6;14436.8;187.68;1754.93;001;2126;160206;;;0;1.3;12;0;21821;31206005;13816470;0001;;000172485;048611;0002;01;001;31/08/2023;8;;;;;0;0;;14624.48;0;;14436.8;;;  /  /    ;;0;;;000;;877.48;0;Nao;0;0;0;0;0;0;0;0;0;0;;;;;;;;;0;0;;001;;;0;0;0;0;;;0;0;;06/09/2023;0;0;0;0;;0;0;0;;0;0;0;18;;0;0;0;0;  /  /    ;0;;;0;;0;0;0;;0;0;0;0;0;0;0;0;0;0;1.65;0;0;;0;0;7.6;0;0;0;0;0;0;0;;0;0;0;0;0;;;4125B3CB-786D-4572-BF03-BCB17B861E15;0;0;0;0;0;0;0;0;0;0;0;0;0;0;0;;0;0;0;0;0;0;0;18;0;0;0;0;0;0;0;0;0;0;0;0;0;;0;0;0;;;;;;0;0;0;0;;;;;;;;;;;;;;0;0;0;0;0;8;0;0;0;0;0;0;0;0;0;0;;;;;
0101;0001;PN015232;DUNLOP SP320 295/80 DIRECIONAL;UN;UN;30;1.596.991;47909.73;622.83;5823.91;001;2126;120303;;;0;1.3;12;0;21821;31206005;13816470;0001;;000173876;049001;0001;01;001;30/09/2023;30;;;;;4888.77;0;;48532.56;0;;47909.73;;;  /  /    ;;0;;;000;;2911.95;0;Nao;0;0;0;0;0;0;0;0;0;0;;;;;;;;;0;0;;001;;;0;0;0;0;;;0;0;;30/09/2023;0;0;0;0;;0;0;0;;0;0;0;18;;0;0;0;0;  /  /    ;0;;;0;;0;0;0;;0;0;0;0;0;0;0;0;0;0;1.65;0;0;;0;0;7.6;0;0;0;0;0;0;0;;0;0;0;0;0;;;0F85DD5A-1FB6-487E-BF3A-16188E353A97;0;0;0;0;0;0;0;0;0;0;0;0;0;0;0;;0;0;0;0;0;0;0;18;0;0;0;0;0;0;0;0;0;0;0;0;0;;0;0;0;;;;;;0;0;0;0;;;;;;;;;;;;;;0;0;0;0;0;30;0;0;0;0;0;0;0;0;0;0;;;;;
0101;0002;PN015234;DUNLOP SP835 295/80 BORRACHUDO;UN;UN;10;1804.6;18046;234.6;2193.67;001;2126;120303;;;0;1.3;12;0;21821;31206005;13816470;0001;;000173876;049001;0002;01;001;30/09/2023;10;;;;;0;0;;18280.6;0;;18046;;;  /  /    ;;0;;;000;;1096.84;0;Nao;0;0;0;0;0;0;0;0;0;0;;;;;;;;;0;0;;001;;;0;0;0;0;;;0;0;;30/09/2023;0;0;0;0;;0;0;0;;0;0;0;18;;0;0;0;0;  /  /    ;0;;;0;;0;0;0;;0;0;0;0;0;0;0;0;0;0;1.65;0;0;;0;0;7.6;0;0;0;0;0;0;0;;0;0;0;0;0;;;4125B3CB-786D-4572-BF03-BCB17B861E15;0;0;0;0;0;0;0;0;0;0;0;0;0;0;0;;0;0;0;0;0;0;0;18;0;0;0;0;0;0;0;0;0;0;0;0;0;;0;0;0;;;;;;0;0;0;0;;;;;;;;;;;;;;0;0;0;0;0;10;0;0;0;0;0;0;0;0;0;0;;;;;
0101;0001;PN015223;DUNLOP SP320 275/80 DIRECIONAL;UN;UN;10;1.500.659;15006.59;195.09;1824.2;001;2126;120303;;;0;1.3;12;0;21821;31206005;13816470;0001;;000176608;049669;0001;01;001;31/10/2023;10;;;;;4663.48;0;;15201.68;0;;15006.59;;;  /  /    ;;0;;;000;;912.1;0;Nao;0;0;0;0;0;0;0;0;0;0;;;;;;;;;0;0;;001;;;0;0;0;0;;;0;0;;31/10/2023;0;0;0;0;;0;0;0;;0;0;0;18;;0;0;0;0;  /  /    ;0;;;0;;0;0;0;;0;0;0;0;0;0;0;0;0;0;1.65;0;0;;0;0;7.6;0;0;0;0;0;0;0;;0;0;0;0;0;;;C359777C-8086-40F1-A487-8FDFDF106285;0;0;0;0;0;0;0;0;0;0;0;0;0;0;0;;0;0;0;0;0;0;0;18;0;0;0;0;0;0;0;0;0;0;0;0;0;;0;0;0;;;;;;0;0;0;0;;;;;;;;;;;;;;0;0;0;0;0;10;0;0;0;0;0;0;0;0;0;0;;;;;
0101;0002;PN015232;DUNLOP SP320 295/80 DIRECIONAL;UN;UN;30;1.596.991;47909.73;622.83;5823.91;001;2126;120303;;;0;1.3;12;0;21821;31206005;13816470;0001;;000176608;049669;0002;01;001;31/10/2023;30;;;;;0;0;;48532.56;0;;47909.73;;;  /  /    ;;0;;;000;;2911.95;0;Nao;0;0;0;0;0;0;0;0;0;0;;;;;;;;;0;0;;001;;;0;0;0;0;;;0;0;;31/10/2023;0;0;0;0;;0;0;0;;0;0;0;18;;0;0;0;0;  /  /    ;0;;;0;;0;0;0;;0;0;0;0;0;0;0;0;0;0;1.65;0;0;;0;0;7.6;0;0;0;0;0;0;0;;0;0;0;0;0;;;0F85DD5A-1FB6-487E-BF3A-16188E353A97;0;0;0;0;0;0;0;0;0;0;0;0;0;0;0;;0;0;0;0;0;0;0;18;0;0;0;0;0;0;0;0;0;0;0;0;0;;0;0;0;;;;;;0;0;0;0;;;;;;;;;;;;;;0;0;0;0;0;30;0;0;0;0;0;0;0;0;0;0;;;;;
0101;0001;PN015234;DUNLOP SP835 295/80 BORRACHUDO;UN;UN;10;1804.6;18046;234.6;2193.67;001;2126;120303;;;0;1.3;12;0;21821;31206005;13816470;0001;;000176519;049670;0001;01;001;31/10/2023;10;;;;;1337.61;0;;18280.6;0;;18046;;;  /  /    ;;0;;;000;;1096.84;0;Nao;0;0;0;0;0;0;0;0;0;0;;;;;;;;;0;0;;001;;;0;0;0;0;;;0;0;;31/10/2023;0;0;0;0;;0;0;0;;0;0;0;18;;0;0;0;0;  /  /    ;0;;;0;;0;0;0;;0;0;0;0;0;0;0;0;0;0;1.65;0;0;;0;0;7.6;0;0;0;0;0;0;0;;0;0;0;0;0;;;4125B3CB-786D-4572-BF03-BCB17B861E15;0;0;0;0;0;0;0;0;0;0;0;0;0;0;0;;0;0;0;0;0;0;0;18;0;0;0;0;0;0;0;0;0;0;0;0;0;;0;0;0;;;;;;0;0;0;0;;;;;;;;;;;;;;0;0;0;0;0;10;0;0;0;0;0;0;0;0;0;0;;;;;
0101;0001;PN015223;DUNLOP SP320 275/80 DIRECIONAL;UN;UN;10;1.500.659;15006.59;195.09;1824.2;001;2126;120303;;;0;1.3;12;0;21813;31206005;13816470;0001;;000180074;050732;0001;01;001;31/12/2023;10;;;;;6001.09;0;;15201.68;0;;15006.59;;;  /  /    ;;0;;;000;;912.1;0;Nao;0;0;0;0;0;0;0;0;0;0;;;;;;;;;0;0;;001;;;0;0;0;0;;;0;0;;31/12/2023;0;0;0;0;;0;0;0;;0;0;0;18;;0;0;0;0;  /  /    ;0;;;0;;0;0;0;;0;0;0;0;0;0;0;0;0;0;1.65;0;0;;0;0;7.6;0;0;0;0;0;0;0;;0;0;0;0;0;;;C359777C-8086-40F1-A487-8FDFDF106285;0;0;0;0;0;0;0;0;0;0;0;0;0;0;0;;0;0;0;0;0;0;0;18;0;0;0;0;0;0;0;0;0;0;0;0;0;;0;0;0;;;;;;0;0;0;0;;;;;;;;;;;;;;0;0;0;0;0;10;0;0;0;0;0;0;0;0;0;0;;;;;
0101;0002;PN015232;DUNLOP SP320 295/80 DIRECIONAL;UN;UN;30;1.596.991;47909.73;622.83;5823.91;001;2126;120303;;;0;1.3;12;0;21813;31206005;13816470;0001;;000180074;050732;0002;01;001;31/12/2023;30;;;;;0;0;;48532.56;0;;47909.73;;;  /  /    ;;0;;;000;;2911.95;0;Nao;0;0;0;0;0;0;0;0;0;0;;;;;;;;;0;0;;001;;;0;0;0;0;;;0;0;;31/12/2023;0;0;0;0;;0;0;0;;0;0;0;18;;0;0;0;0;  /  /    ;0;;;0;;0;0;0;;0;0;0;0;0;0;0;0;0;0;1.65;0;0;;0;0;7.6;0;0;0;0;0;0;0;;0;0;0;0;0;;;0F85DD5A-1FB6-487E-BF3A-16188E353A97;0;0;0;0;0;0;0;0;0;0;0;0;0;0;0;;0;0;0;0;0;0;0;18;0;0;0;0;0;0;0;0;0;0;0;0;0;;0;0;0;;;;;;0;0;0;0;;;;;;;;;;;;;;0;0;0;0;0;30;0;0;0;0;0;0;0;0;0;0;;;;;
0101;0003;PN015234;DUNLOP SP835 295/80 BORRACHUDO;UN;UN;10;1804.6;18046;234.6;2193.67;001;2126;120303;;;0;1.3;12;0;21813;31206005;13816470;0001;;000180074;050732;0003;01;001;31/12/2023;10;;;;;0;0;;18280.6;0;;18046;;;  /  /    ;;0;;;000;;1096.84;0;Nao;0;0;0;0;0;0;0;0;0;0;;;;;;;;;0;0;;001;;;0;0;0;0;;;0;0;;31/12/2023;0;0;0;0;;0;0;0;;0;0;0;18;;0;0;0;0;  /  /    ;0;;;0;;0;0;0;;0;0;0;0;0;0;0;0;0;0;1.65;0;0;;0;0;7.6;0;0;0;0;0;0;0;;0;0;0;0;0;;;4125B3CB-786D-4572-BF03-BCB17B861E15;0;0;0;0;0;0;0;0;0;0;0;0;0;0;0;;0;0;0;0;0;0;0;18;0;0;0;0;0;0;0;0;0;0;0;0;0;;0;0;0;;;;;;0;0;0;0;;;;;;;;;;;;;;0;0;0;0;0;10;0;0;0;0;0;0;0;0;0;0;;;;;
0101;0001;PN015227;GOODYEAR G8 900/R22 (LISO);UN;UN;3;1410;4230;0;761.4;001;1126;120303;;;0;0;18;0;21821;31206005;45987005;0282;;000514824;051145;0001;01;001;10/01/2024;3;;;;;0;0;;4230;0;;0;;;  /  /    ;;0;;;000;;0;0;Nao;0;0;0;0;0;0;0;0;0;0;;;;;;;;;0;0;;001;;;0;0;0;0;;;0;0;;10/01/2024;0;0;0;0;;0;0;0;;0;0;0;18;;0;0;0;0;  /  /    ;0;;;0;;0;0;0;;0;0;200.67;0;0;0;0;0;0;0;1.65;0;0;;0;4412.76;7.6;0;0;0;0;0;0;0;;0;0;0;0;0;;;C358B01D-28AA-4111-A7B8-FF0867D5C6E0;0;0;0;0;0;0;0;0;0;0;0;0;0;0;0;;0;0;0;0;0;0;0;18;0;0;0;0;0;0;0;0;0;0;0;0;0;;0;0;0;;;;;;0;0;0;0;;;;;;;;;;;;;;0;0;18;0;0;3;0;0;0;0;0;0;0;0;0;0;;;;;
0101;0001;PN015187;GOODYEAR KMAX S 295/80R22.5 DI;UN;UN;2;2378.41;4756.82;0;856.23;015;1126;160206;;;0;0;18;0;21821;31206005;45987005;0159;;000093845;051726;0001;01;001;31/01/2024;2;;;;;0;0;;4756.82;0;;0;;;  /  /    ;;0;;;000;;0;0;Nao;0;0;0;0;0;0;0;0;0;0;;;;;;;;;0;0;;001;;;0;0;0;0;;;0;0;;31/01/2024;0;0;0;0;;0;0;0;;0;0;0;18;;0;0;0;0;  /  /    ;0;;;0;;0;0;0;;0;0;243.74;0;0;0;0;0;0;0;1.65;0;0;;0;5359.34;7.6;0;0;0;0;0;0;0;;0;0;0;0;0;;;C4469A26-D3EE-409A-AB1E-0C5491906629;0;0;0;0;0;0;0;0;0;0;0;0;0;0;0;;0;0;0;0;0;0;0;18;0;0;0;0;0;0;0;0;0;0;0;0;0;;0;0;0;;;;;;0;0;0;0;;;;;;;;;;;;;;0;0;18;0;0;2;0;0;0;0;0;0;0;0;0;0;;;;;
0101;0001;PN015185;GOODYEAR KMAX D 295/80R22.5 TR;UN;UN;4;2522.66;10090.64;0;1816.32;001;1126;160206;;;0;0;18;0;21821;31206005;45987005;0282;;000522505;052097;0001;01;001;22/02/2024;4;;;;;0;0;;10090.64;0;;0;;;  /  /    ;;0;;;000;;0;0;Nao;0;0;0;0;0;0;0;0;0;0;;;;;;;;;0;0;;001;;;0;0;0;0;;;0;0;;22/02/2024;0;0;0;0;;0;0;0;;0;0;0;18;;0;0;0;0;  /  /    ;0;;;0;;0;0;0;;0;0;533.44;0;0;0;0;0;0;0;1.65;0;0;;0;11729.36;7.6;0;0;0;0;0;0;0;;0;0;0;0;0;;;B0653572-32C7-4FEE-BD9B-FF343877B82E;0;0;0;0;0;0;0;0;0;0;0;0;0;0;0;;0;0;0;0;0;0;0;18;0;0;0;0;0;0;0;0;0;0;0;0;0;;0;0;0;;;;;;0;0;0;0;;;;;;;;;;;;;;0;0;18;0;0;4;0;0;0;0;0;0;0;0;0;0;;;;;
0101;0001;PN015185;GOODYEAR KMAX D 295/80R22.5 TR;UN;UN;4;2522.67;10090.68;0;1567.37;001;1126;160206;;;0;0;18;0;21821;31206005;45987005;0159;;000094130;052099;0001;01;001;22/02/2024;4;;;;;0;0;;8707.59;1383.09;;0;;;  /  /    ;;0;;;000;;0;0;Nao;0;0;0;0;0;0;0;0;0;0;;;;;;;;;0;0;;001;;;0;0;0;0;;;0;0;;22/02/2024;0;0;0;0;;0;0;0;;0;0;0;18;;0;0;0;0;  /  /    ;0;;;0;;0;0;0;;0;0;581.4;0;0;0;0;0;0;0;1.65;0;0;;0;12783.8;7.6;0;0;0;0;0;0;0;;0;0;0;0;0;;;B0653572-32C7-4FEE-BD9B-FF343877B82E;0;0;0;0;0;0;0;0;0;0;0;0;0;0;0;;0;0;0;0;0;0;0;18;0;0;0;0;0;0;0;0;0;0;0;0;0;;0;0;0;;;;;;0;0;0;0;;;;;;;;;;;;;;0;0;18;0;0;4;0;0;0;0;0;0;0;0;0;0;;;;;
0101;0001;PN015232;DUNLOP SP320 295/80 DIRECIONAL;UN;UN;30;16.688.553;50065.66;650.85;6085.98;015;2126;160206;;;0;0;12;0;21821;31206005;13816470;0001;;000184334;052384;0001;01;001;07/03/2024;30;;;;;3710.97;0;;50716.51;0;;0;;;  /  /    ;;0;;;000;;3042.99;0;Nao;0;0;0;0;0;0;0;0;0;0;;;;;;;;;0;0;;001;;;0;0;0;0;;;0;0;;07/03/2024;0;0;0;0;;0;0;0;;0;0;0;18;;0;0;0;0;  /  /    ;0;;;0;;0;0;0;;0;0;0;0;0;0;0;0;0;0;1.65;0;0;;0;0;7.6;0;0;0;0;0;0;0;;0;0;0;0;0;;;0F85DD5A-1FB6-487E-BF3A-16188E353A97;0;0;0;0;0;0;0;0;0;0;0;0;0;0;0;;0;0;0;0;0;0;0;18;0;0;0;0;0;0;0;0;0;0;0;0;0;;0;0;0;;;;;;0;0;0;0;;;;;;;;;;;;;;0;0;0;0;0;30;0;0;0;0;0;0;0;0;0;0;;;;;
0101;0001;PN016140;PNEU FIRESTONE FD663 295/80R22;PC;UN;10;3005.82;30058.2;0;4678.2;015;1126;160206;;;0;0;18;0;21821;31206005;60957784;0001;;000572437;052552.;0001;01;001;13/03/2024;10;;;;;0;0;;25990;4068.2;;0;;;  /  /    ;;0;;;000;;0;0;Nao;0;0;0;0;0;0;0;0;0;0;;;;;;;;;0;0;;;;;0;0;0;0;;;0;0;;13/03/2024;0;0;0;0;;0;0;0;;0;0;0;18;;0;0;0;0;  /  /    ;0;;;0;;0;0;0;;0;0;0;0;0;0;0;0;0;0;1.65;0;0;;0;0;7.6;0;0;0;0;0;0;0;;0;0;0;0;0;;;;0;0;0;0;0;0;0;0;0;0;0;0;0;0;0;;0;0;0;0;0;0;0;18;0;0;0;0;0;0;0;0;0;0;0;0;0;;0;0;0;;;;;;0;0;0;0;;;;;;;;;;;;;;0;0;0;0;0;10;0;0;0;0;0;0;0;0;0;0;;;;;
0101;0001;PN015187;GOODYEAR KMAX S 295/80R22.5 DI;UN;UN;1;2305.93;2305.93;0;415.07;001;1126;120303;;;0;0;18;0;21821;31206005;45987005;0159;;000094745;053155;0001;01;001;08/04/2024;1;;;;;0;0;;2305.93;0;;0;;;  /  /    ;;0;;;000;;0;0;Nao;0;0;0;0;0;0;0;0;0;0;;;;;;;;;0;0;;001;;;0;0;0;0;;;0;0;;08/04/2024;0;0;0;0;;0;0;0;;0;0;0;18;;0;0;0;0;  /  /    ;0;;;0;;0;0;0;;0;0;120.75;0;0;0;0;0;0;0;1.65;0;0;;0;2655.19;7.6;0;0;0;0;0;0;0;;0;0;0;0;0;;;C4469A26-D3EE-409A-AB1E-0C5491906629;0;0;0;0;0;0;0;0;0;0;0;0;0;0;0;;0;0;0;0;0;0;0;18;0;0;0;0;0;0;0;0;0;0;0;0;0;;0;0;0;;;;;;0;0;0;0;;;;;;;;;;;;;;0;0;18;0;0;1;0;0;0;0;0;0;0;0;0;0;;;;;
0101;0001;PN015232       ;DUNLOP SP320 295/80 DIRECIONAL;UN;UN;30;1668.85;50065.66;0;2126;001;2126;160206;;;0;0;18;0;21821;31206005;13816470;0001;;000187847;053560;0001;01;001;30/04/2024;30;;;;;3710.97;0;;50716.51;0;;0;;;  /  /    ;;0;;;000;;3042.99;0;Nao;0;0;0;0;0;0;0;0;0;0;;;;;;;;;;;;;;;;;;;;;;;;;;;;;;;;;;;;;;;;;;;;;;;;;;;;;;;;;;;;;;;;;;;;;;;;;;;;;;;;;;;;;;;;;;;;;;;;;;;;;;;;;;;;;;;;;;;;;;;;;;;;;;;;;;;;;;;;;;;;;;;;;;;;;;;;;;;;;;;;;;;;;;;;;
0101;0001;PN015193;MICHELIN MULTI Z 295/R22.5 DI;UN;UN;1;2766;2766;0;0;001;1126;160206;;;0;0;18;0;21821;31206005;50941962;0002;;000032224;0;0001;01;002;15/04/2024;6;;;;;0;0;;17700;0;;0;;;  /  /    ;;0;;;000;;0;0;Nao;0;0;0;0;0;0;0;0;0;0;;;;;;;;;0;0;;001;;;0;0;0;0;;;0;0;;22/02/2023;0;0;0;0;;0;0;0;;0;0;0;18;;0;0;0;0;  /  /    ;0;;;0;;0;0;0;;0;0;3542.88;0;0;0;0;0;0;0;1.65;0;0;;0;19682.7;7.6;0;0;0;0;0;0;0;;0;0;0;0;0;;;0A007031-A11C-444D-B741-F9D1298B34D2;0;0;0;0;0;0;0;0;0;0;0;0;0;0;0;;0;0;0;0;0;0;0;18;0;0;0;0;0;0;0;0;0;0;0;0;0;;0;0;0;;;;;;0;0;0;0;;;;;;;;;;;;;;0;0;18;0;0;6;0;0;0;0;0;0;0;0;0;0;;;;;
0101;0001;PN015230;PNEU GOODYEAR AGS 1100/R22 LISO;UN;UN;2;2667;5334;0;0;001;1126;160206;;;0;0;18;0;21821;;;;;000064419;0;0001;01;002;23/02/2024;;;;;;;;;;;;;;;;;;;;;;;;;;;;;;;;;;;;;;;;;;;;;;;;;;;;;;;;;;;;;;;;;;;;;;;;;;;;;;;;;;;;;;;;;;;;;;;;;;;;;;;;;;;;;;;;;;;;;;;;;;;;;;;;;;;;;;;;;;;;;;;;;;;;;;;;;;;;;;;;;;;;;;;;;;;;;;;;;;;;;;;;;;;;;;;;;;;;;;;;;;;
0101;0001;PN015234;DUNLOP SP835 295/80 BORRACHUDO;UN;UN;10;1725.88;17258.77;0;0;001;1126;160206;;;0;0;18;0;21821;;;;;000183643;0;0001;01;002;29/02/2024;;;;;;;;;;;;;;;;;;;;;;;;;;;;;;;;;;;;;;;;;;;;;;;;;;;;;;;;;;;;;;;;;;;;;;;;;;;;;;;;;;;;;;;;;;;;;;;;;;;;;;;;;;;;;;;;;;;;;;;;;;;;;;;;;;;;;;;;;;;;;;;;;;;;;;;;;;;;;;;;;;;;;;;;;;;;;;;;;;;;;;;;;;;;;;;;;;;;;;;;;;;
0101;0001;PN015232       ;DUNLOP SP320 295/80 DIRECIONAL;UN;UN;20;1527.33;30546.50;0;0;001;1126;160206;;;0;0;18;0;21821;;;;;000183643;0;0001;01;002;29/02/2024;;;;;;;;;;;;;;;;;;;;;;;;;;;;;;;;;;;;;;;;;;;;;;;;;;;;;;;;;;;;;;;;;;;;;;;;;;;;;;;;;;;;;;;;;;;;;;;;;;;;;;;;;;;;;;;;;;;;;;;;;;;;;;;;;;;;;;;;;;;;;;;;;;;;;;;;;;;;;;;;;;;;;;;;;;;;;;;;;;;;;;;;;;;;;;;;;;;;;;;;;;;
