Filial;Codigo Pneu;N Fogo Pneu;Dt Sulco At.;Placa Veicul;Posicao Pneu;TWI
0101;0009036;0009036;21/01/2023;CZB7129;TDE;3
0101;0009037;0009037;21/01/2023;CZB7129;TDI;3
0101;0009038;0009038;19/09/2023;BWQ7984;TDE;3
0101;0009039;0009039;28/01/2023;BWQ7984;TDI;3
0101;0009040;0009040;10/04/2024;OZP9C87;2EEI;3
0101;0009041;0009041;08/04/2024;;;3
0101;0009042;0009042;26/04/2024;RKO0G68;DD;3
0101;0009043;0009043;26/04/2024;RKO0G68;DE;3
0101;0009044;0009044;03/05/2024;GIP0F45;1EEI;3
0101;0009045;0009045;03/05/2024;GIP0F45;1EEE;3
0101;0009046;0009046;11/03/2024;RCW0J28;1EDE;3
0101;0009047;0009047;11/03/2024;RCW0J28;1DI;3
0101;0009048;0009048;14/02/2024;;;3
0101;0009049;0009049;11/03/2024;RCW0J28;1EDI;3
0101;0009050;0009050;22/01/2024;;;3
0101;0009051;0009051;22/01/2024;;;3
0101;0009052;0009052;08/04/2023;BLG8458;TEE;3
0101;0009053;0009053;08/04/2023;BLG8458;TEI;3
0101;0009054;0009054;12/02/2024;DESCARTE;DESCARTE;3
0101;0009055;0009055;05/03/2024;FLB3I47;TDI;3
0101;0009056;0009056;02/01/2024;BXG7B46;TDI;3
0101;0009057;0009057;02/01/2024;JSX0853;2EDE;3
0101;0009058;0009058;15/11/2023;;;3
0101;0009059;0009059;15/11/2023;;;3
0101;0009060;0009060;21/03/2023;BAM4F11;DE;3
0101;0009061;0009061;21/03/2023;BAM4F11;DD;3
0101;0009062;0009062;26/10/2023;BUD1323;3EDE;3
0101;0009063;0009063;26/10/2023;BUD1323;3EDI;3
0101;0009064;0009064;08/04/2024;;;3
0101;0009065;0009065;08/04/2024;;;3
0101;0009066;0009066;22/04/2024;FJR3580;2EEE;3
0101;0009067;0009067;22/04/2024;FJR3580;2EEI;3
0101;0009068;0009068;09/03/2024;KSY1146;2EEE;3
0101;0009069;0009069;20/02/2023;BXB0580;3EEI;3
0101;0009070;0009070;20/02/2023;BXB0580;3EEE;3
0101;0009071;0009071;21/02/2024;BWQ7986;3EEI;3
0101;0009072;0009072;21/02/2024;BWQ7986;3EEE;3
0101;0009073;0009073;08/02/2023;BWQ7876;DE;3
0101;0009074;0009074;08/02/2023;BWQ7876;DD;3
0101;0009075;0009075;08/02/2023;BWQ7876;TDE;3
0101;0009076;0009076;25/07/2023;BWQ7876;TDI;3
0101;0009077;0009077;14/02/2023;BXB0580;3EDE;3
0101;0009078;0009078;06/02/2023;;;3
0101;0009079;0009079;14/06/2023;JQH9859;1EEI;3
0101;0009090;0009090;08/04/2024;;;3
0101;0009091;0009091;08/04/2024;;;3
0101;0009092;0009092;02/10/2023;FPS3B96;4EDE;3
0101;0009093;0009093;02/10/2023;FPS3B96;4EDI;3
0101;0009094;0009094;11/04/2023;GIG8B01;2EEE;3
0101;0009095;0009095;11/04/2023;GIG8B01;2EEI;3
0101;0009096;0009096;07/03/2024;NZV0140;2EEE;3
0101;0009097;0009097;07/03/2024;NZV0140;2EEI;3
0101;0009098;0009098;03/02/2024;;;3
0101;0009099;0009099;03/02/2024;;;3
0101;0009100;0009100;01/08/2023;CUH8I08;DD;3
0101;0009101;0009101;26/12/2023;CUH8I08;DE;3
0101;0009102;0009102;06/04/2024;ECY1F20;2EEE;3
0101;0009103;0009103;06/04/2024;ECY1F20;2EEI;3
0101;0009104;0009104;29/04/2024;PLW6G36;TDI;3
0101;0009105;0009105;06/04/2024;;;3
0101;0009106;0009106;23/02/2023;CBS4401;3EEE;3
0101;0009107;0009107;22/12/2023;CBS4401;3EEI;3
0101;0009108;0009108;27/02/2023;GXM6E75;3EEE;3
0101;0009109;0009109;27/02/2023;GXM6E75;3EEI;3
0101;0009110;0009110;27/02/2023;GXM6E75;3EDI;3
0101;0009111;0009111;27/02/2023;GXM6E75;3EDE;3
0101;0009112;0009112;10/02/2024;BUS0I89;3EEE;3
0101;0009113;0009113;10/02/2024;BUS0I89;3EEI;3
0101;0009114;0009114;04/05/2024;CZB7238;2EDE;3
0101;0009115;0009115;04/05/2024;CZB7238;2EDI;3
0101;0009116;0009116;30/01/2024;CUA0239;2EDE;3
0101;0009117;0009117;30/01/2024;CUA0239;2EDI;3
0101;0009118;0009118;30/04/2024;JSW8807;2EEE;3
0101;0009119;0009119;08/04/2024;;;3
0101;0009120;0009120;20/03/2024;BYY9I66;2EEI;3
0101;0009121;0009121;08/03/2024;;;3
0101;0009122;0009122;17/03/2023;DBC6702;TEI;3
0101;0009123;0009123;17/03/2023;DBC6702;TEE;3
0101;0009124;0009124;17/03/2023;DBC6702;TDE;3
0101;0009125;0009125;17/03/2023;DBC6702;TDI;3
0101;0009126;0009126;18/04/2023;GJK1F77;3EEE;3
0101;0009127;0009127;18/04/2023;GJK1F77;3EEI;3
0101;0009128;0009128;18/04/2023;GJK1F77;3EDE;3
0101;0009129;0009129;18/04/2023;GJK1F77;3EDI;3
0101;0009130;0009130;10/02/2024;BUS0I89;3EDE;3
0101;0009131;0009131;09/03/2024;KSY1146;3EEE;3
0101;0009132;0009132;09/03/2024;;;3
0101;0009133;0009133;03/04/2023;KSY1146;3EEI;3
0101;0009134;0009134;03/04/2023;KSY1146;3EDE;3
0101;0009135;0009135;03/04/2023;KSY1146;3EDI;3
0101;0009136;0009136;29/03/2023;GXM6E76;3EEE;3
0101;0009137;0009137;29/03/2023;GXM6E76;3EEI;3
0101;0009138;0009138;29/03/2023;GXM6E76;3EDE;3
0101;0009139;0009139;29/03/2023;GXM6E76;3EDI;3
0101;0009140;0009140;16/05/2023;CUA0110;TEE;3
0101;0009141;0009141;05/04/2023;GJI0119;TDI;3
0101;0009142;0009142;03/04/2023;GBT9E66;3EDI;3
0101;0009143;0009143;05/04/2023;GJI0119;TDE;3
0101;0009144;0009144;08/04/2023;CUA0B25;DE;3
0101;0009145;0009145;08/04/2023;CUA0B25;DD;3
0101;0009146;0009146;11/03/2023;JKW2427;2EDE;3
0101;0009147;0009147;11/03/2023;JKW2427;2EDI;3
0101;0009148;0009148;11/03/2023;JKW2427;2EEE;3
0101;0009149;0009149;11/03/2023;JKW2427;2EEI;3
0101;0009150;0009150;04/03/2023;;;3
0101;0009151;0009151;04/03/2023;;;3
0101;0009152;0009152;17/03/2023;BYC1884;3EDE;3
0101;0009153;0009153;17/03/2023;BYC1884;3EDI;3
0101;0009154;0009154;17/03/2023;BYC1884;3EEE;3
0101;0009155;0009155;17/07/2023;BUS1043;3EDE;3
0101;0009156;0009156;17/07/2023;BUS1043;3EDI;3
0101;0009157;0009157;28/03/2023;CUA0C14;TEI;3
0101;0009158;0009158;27/12/2023;;;3
0101;0009159;0009159;27/12/2023;;;3
0101;0009160;0009160;02/02/2024;;;3
0101;0009161;0009161;19/02/2024;FWE4J89;2EDE;3
0101;0009162;0009162;02/02/2024;FVS4G72;TDE;3
0101;0009163;0009163;02/02/2024;FVS4G72;TDI;3
0101;0009164;0009164;03/04/2023;GBT9E66;3EDE;3
0101;0009175;0009175;06/04/2023;FBY7E96;DD;3
0101;0009176;0009176;06/04/2023;FBY7E96;DE;3
0101;0009177;0009177;07/04/2023;CUA0C14;DD;3
0101;0009178;0009178;07/04/2023;CUA0C14;DE;3
0101;0009179;0009179;02/08/2023;BQZ8186;3EDI;3
0101;0009180;0009180;11/11/2023;AEV3183;3EEE;3
0101;0009181;0009181;11/11/2023;AEV3183;3EDE;3
0101;0009182;0009182;11/11/2023;AEV3183;3EDI;3
0101;0009183;0009183;26/01/2024;;;3
0101;0009184;0009184;06/06/2023;CUA0A76;3EDI;3
0101;0009185;0009185;06/06/2023;CUA0A76;3EDE;3
0101;0009186;0009186;06/06/2023;CUA0A76;3EEE;3
0101;0009187;0009187;06/06/2023;CUA0A76;3EEI;3
0101;0009188;0009188;14/02/2024;;;3
0101;0009189;0009189;14/02/2024;;;3
0101;0009190;0009190;27/12/2023;IVV9E00;DD;3
0101;0009191;0009191;27/12/2023;IVV9E00;DE;3
0101;0009192;0009192;22/04/2023;GJI0119;TEE;3
0101;0009193;0009193;22/04/2023;GJI0119;TEI;3
0101;0009194;0009194;14/02/2024;DAH7888;DD;3
0101;0009195;0009195;29/05/2023;;;3
0101;0009196;0009196;29/05/2023;;;3
0101;0009197;0009197;13/09/2023;CUA0A23;2EEE;3
0101;0009198;0009198;13/09/2023;CUA0A23;2EEI;3
0101;0009199;0009199;19/06/2023;ECY1F20;DD;3
0101;0009200;0009200;19/06/2023;ECY1F20;DE;3
0101;0009201;0009201;21/08/2023;DBC6702;DE;3
0101;0009202;0009202;08/03/2024;;;3
0101;0009203;0009203;12/05/2023;;2EEE;3
0101;0009204;0009204;20/11/2023;CUA0062;1EEE;3
0101;0009205;0009205;10/05/2023;BXG7B46;DE;3
0101;0009206;0009206;10/05/2023;BXG7B46;DD;3
0101;0009207;0009207;08/05/2023;CUA0239;3EDE;3
0101;0009208;0009208;08/05/2023;CUA0239;3EDI;3
0101;0009209;0009209;08/05/2023;CUA0239;3EEE;3
0101;0009210;0009210;08/05/2023;CUA0239;3EEI;3
0101;0009211;0009211;24/07/2023;CLK8147;3EDE;3
0101;0009212;0009212;24/07/2023;CLK8147;3EEI;3
0101;0009213;0009213;24/07/2023;CLK8147;3EEE;3
0101;0009214;0009214;24/07/2023;CLK8147;3EDI;3
0101;0009215;0009215;14/02/2024;JQA9642;3EEE;3
0101;0009216;0009216;14/02/2024;JQA9642;3EEI;3
0101;0009217;0009217;06/04/2023;;;3
0101;0009218;0009218;06/04/2023;;;3
0101;0009219;0009219;12/12/2023;CZB7205;3EEI;3
0101;0009220;0009220;12/12/2023;CZB7205;3EEE;3
0101;0009221;0009221;24/07/2023;CLK8147;TDI;3
0101;0009222;0009222;24/07/2023;CLK8147;TDE;3
0101;0009223;0009223;24/07/2023;CLK8147;TEE;3
0101;0009224;0009224;24/07/2023;CLK8147;TEI;3
0101;0009225;0009225;28/04/2024;GXM6E76;2EEI;3
0101;0009226;0009226;15/06/2023;;;3
0101;0009227;0009227;19/04/2024;;;3
0101;0009228;0009228;19/04/2024;;;3
0101;0009229;0009229;23/11/2023;GHQ6A40;3EDE;3
0101;0009230;0009230;08/03/2024;DAH7885;TEI;3
0101;0009231;0009231;23/11/2023;GHQ6A40;3EDI;3
0101;0009232;0009232;08/03/2024;DAH7885;TEE;3
0101;0009233;0009233;20/03/2024;BYY9I66;2EDE;3
0101;0009234;0009234;20/03/2024;BYY9I66;2EDI;3
0101;0009235;0009235;06/02/2024;;;3
0101;0009236;0009236;25/03/2024;;;3
0101;0009237;0009237;22/12/2023;QGG3F91;DE;3
0101;0009238;0009238;22/12/2023;QGG3F91;DD;3
0101;0009239;0009239;11/12/2023;GJI0119;DD;3
0101;0009240;0009240;11/12/2023;GJI0119;DE;3
0101;0009241;0009241;11/08/2023;CZB7126;DE;3
0101;0009242;0009242;11/08/2023;CZB7126;DD;3
0101;0009243;0009243;26/12/2023;;;3
0101;0009244;0009244;27/12/2023;CUA0C14;TDI;3
0101;0009245;0009245;01/04/2024;CUH8I08;3EDI;3
0101;0009246;0009246;01/04/2024;CUH8I08;3EEI;3
0101;0009247;0009247;23/09/2023;;;3
0101;0009248;0009248;23/09/2023;;;3
0101;0009249;0009249;15/11/2023;;;3
0101;0009250;0009250;15/11/2023;BYD4804;TEI;3
0101;0009251;0009251;29/06/2023;GVK7948;2EDI;3
0101;0009252;0009252;29/06/2023;GVK7948;2EDE;3
0101;0009253;0009253;29/01/2024;JSW8807;1EEI;3
0101;0009254;0009254;15/04/2024;JSF1884;2EDE;3
0101;0009255;0009255;01/07/2023;CUA0A76;DD;3
0101;0009256;0009256;27/12/2023;CUA0C14;TDE;3
0101;0009257;0009257;13/10/2023;;;3
0101;0009258;0009258;13/10/2023;;;3
0101;0009259;0009259;09/04/2024;DAH7883;2EDE;3
0101;0009260;0009260;09/02/2024;JPU1A87;1EDI;3
0101;0009261;0009261;09/04/2024;DAH7883;2EDI;3
0101;0009262;0009262;09/02/2024;JPU1A87;1EDE;3
0101;0009263;0009263;29/06/2023;GVK7948;2EEI;3
0101;0009264;0009264;09/02/2024;;;3
0101;0009265;0009265;13/09/2023;JPU1A87;2EEI;3
0101;0009266;0009266;04/12/2023;CZB7234;1EDE;3
0101;0009267;0009267;21/02/2024;DESCARTE;DESCARTE;3
0101;0009268;0009268;15/04/2024;JSF1884;2EDI;3
0101;0009269;0009269;13/09/2023;JPU1A87;1EEI;3
0101;0009270;0009270;08/04/2024;;;3
0101;0009271;0009271;10/02/2024;CUA0A91;3EEE;3
0101;0009272;0009272;13/06/2023;DAH7J16;2EEE;3
0101;0009273;0009273;13/06/2023;DAH7J16;2EEI;3
0101;0009274;0009274;13/06/2023;DAH7J16;2EDE;3
0101;0009275;0009275;13/06/2023;DAH7J16;2EDI;3
0101;0009276;0009276;16/02/2024;;;3
0101;0009277;0009277;16/02/2024;FXH1B42;3EEI;3
0101;0009278;0009278;29/06/2023;GVK7948;3EDE;3
0101;0009279;0009279;29/06/2023;GVK7948;3EDI;3
0101;0009280;0009280;29/06/2023;GVK7948;3EEE;3
0101;0009281;0009281;29/06/2023;GVK7948;3EEI;3
0101;0009282;0009282;29/06/2023;GVK7948;2EEE;3
0101;0009283;0009283;14/03/2024;PKJ6930;3EDI;3
0101;0009284;0009284;21/08/2023;DBC6702;DD;3
0101;0009285;0009285;24/10/2023;CZB7235;2EDE;3
0101;0009286;0009286;10/11/2023;BTT6F50;DE;3
0101;0009287;0009287;06/05/2024;CPJ5F97;1EDE;3
0101;0009288;0009288;20/06/2023;CLU9300;3EDE;3
0101;0009289;0009289;20/06/2023;CLU9300;3EDI;3
0101;0009290;0009290;24/10/2023;CZB7235;2EDI;3
0101;0009293;0009293;12/03/2024;;;3
0101;0009294;0009294;12/03/2024;;;3
0101;0009295;0009295;09/08/2023;JQH9I58;2EEI;3
0101;0009296;0009296;09/08/2023;JQH9I58;2EEE;3
0101;0009297;0009297;19/06/2023;;;3
0101;0009298;0009298;03/05/2024;GIP0F45;3EDE;3
0101;0009299;0009299;03/05/2024;GIP0F45;3EDI;3
0101;0009300;0009300;13/10/2023;;;3
0101;0009301;0009301;13/10/2023;;;3
0101;0009302;0009302;12/04/2024;;;3
0101;0009303;0009303;12/04/2024;;;3
0101;0009304;0009304;14/08/2023;JQH9I49;1EEE;3
0101;0009305;0009305;14/08/2023;JQH9I49;1EEI;3
0101;0009306;0009306;27/07/2023;CUA0238;3EEE;3
0101;0009307;0009307;27/07/2023;CUA0238;3EEI;3
0101;0009308;0009308;23/03/2024;NYV7703;1EEI;3
0101;0009309;0009309;15/03/2024;;;3
0101;0009310;0009310;19/06/2023;;;3
0101;0009311;0009311;09/08/2023;JQH9I58;1EDE;3
0101;0009312;0009312;09/08/2023;JQH9I58;1EDI;3
0101;0009313;0009313;21/02/2024;CZB7234;2EEE;3
0101;0009314;0009314;29/02/2024;QRJ9C19;3EDE;3
0101;0009315;0009315;08/04/2024;;;3
0101;0009316;0009316;12/09/2023;BTT2866;3EEI;3
0101;0009317;0009317;12/09/2023;BTT2866;3EEE;3
0101;0009318;0009318;10/11/2023;BTT6F50;DD;3
0101;0009319;0009319;30/12/2023;JQH9I49;2EEI;3
0101;0009320;0009320;12/09/2023;;;3
0101;0009321;0009321;30/03/2024;DESCARTE;DESCARTE;3
0101;0009322;0009322;12/09/2023;;;3
0101;0009323;0009323;06/05/2024;CPJ5F97;1EDI;3
0101;0009324;0009324;16/02/2024;FXH1B42;3EDE;3
0101;0009325;0009325;16/02/2024;FXH1B42;3EDI;3
0101;0009326;0009326;16/02/2024;FXH1B42;3EEE;3
0101;0009327;0009327;11/02/2024;;;3
0101;0009328;0009328;11/02/2024;;;3
0101;0009329;0009329;16/02/2024;;;3
0101;0009330;0009330;16/02/2024;;;3
0101;0009331;0009331;16/02/2024;;;3
0101;0009332;0009332;16/02/2024;;;3
0101;0009333;0009333;07/07/2023;;;3
0101;0009334;0009334;23/09/2023;;;3
0101;0009335;0009335;15/11/2023;BYD4804;TEE;3
0101;0009336;0009336;28/07/2023;;;3
0101;0009337;0009337;19/09/2023;BWQ7984;TEE;3
0101;0009338;0009338;08/03/2024;CLU9E00;TDE;3
0101;0009339;0009339;08/03/2024;CLU9E00;TDI;3
0101;0009340;0009340;21/02/2024;CZB7209;3EEE;3
0101;0009341;0009341;21/02/2024;CZB7209;3EEI;3
0101;0009342;0009342;25/08/2023;DAH7I63;TEE;3
0101;0009343;0009343;25/08/2023;DAH7I63;TEI;3
0101;0009344;0009344;25/08/2023;DAH7I63;TDE;3
0101;0009345;0009345;25/08/2023;DAH7I63;TDI;3
0101;0009346;0009346;20/03/2024;;;3
0101;0009347;0009347;20/03/2024;;;3
0101;0009348;0009348;08/12/2023;GAK1J62;DE;3
0101;0009349;0009349;08/12/2023;GAK1J62;DD;3
0101;0009350;0009350;09/10/2023;DAH7I55;DE;3
0101;0009351;0009351;12/04/2024;;;3
0101;0009352;0009352;20/09/2023;CUA0A54;TDE;3
0101;0009353;0009353;20/09/2023;CUA0A54;TDI;3
0101;0009354;0009354;04/08/2023;;;3
0101;0009355;0009355;04/08/2023;;;3
0101;0009356;0009356;22/08/2023;GEL2229;DE;3
0101;0009357;0009357;22/08/2023;GEL2229;DD;3
0101;0009358;0009358;12/09/2023;;;3
0101;0009359;0009359;12/09/2023;;;3
0101;0009360;0009360;12/09/2023;;;3
0101;0009361;0009361;12/09/2023;;;3
0101;0009362;0009362;12/09/2023;;;3
0101;0009363;0009363;12/09/2023;;;3
0101;0009364;0009364;12/09/2023;;;3
0101;0009365;0009365;12/09/2023;;;3
0101;0009366;0009366;23/11/2023;KMP9G88;DE;3
0101;0009367;0009367;23/11/2023;KMP9G88;DD;3
0101;0009368;0009368;30/08/2023;JSF3995;1EDE;3
0101;0009369;0009369;30/08/2023;JSF3995;1EDI;3
0101;0009370;0009370;30/08/2023;JSF3995;2EEE;3
0101;0009371;0009371;30/08/2023;JSF3995;2EEI;3
0101;0009372;0009372;30/08/2023;JSF3995;2EDE;3
0101;0009373;0009373;30/08/2023;JSF3995;2EDI;3
0101;0009374;0009374;16/02/2024;FXH1B42;2EEI;3
0101;0009375;0009375;16/02/2024;FXH1B42;2EEE;3
0101;0009376;0009376;16/02/2024;FXH1B42;1EEI;3
0101;0009377;0009377;16/02/2024;FXH1B42;1EEE;3
0101;0009378;0009378;16/02/2024;FXH1B42;4EEI;3
0101;0009379;0009379;16/02/2024;FXH1B42;4EEE;3
0101;0009380;0009380;16/02/2024;FXH1B42;2EDI;3
0101;0009381;0009381;16/02/2024;FXH1B42;2EDE;3
0101;0009382;0009382;16/02/2024;FXH1B42;1EDI;3
0101;0009383;0009383;16/02/2024;FXH1B42;1EDE;3
0101;0009384;0009384;16/02/2024;FXH1B42;4EDE;3
0101;0009385;0009385;18/03/2024;OUF8210;2EEI;3
0101;0009386;0009386;16/02/2024;;;3
0101;0009387;0009387;16/02/2024;;;3
0101;0009388;0009388;16/02/2024;;;3
0101;0009389;0009389;16/02/2024;;;3
0101;0009390;0009390;16/02/2024;;;3
0101;0009391;0009391;16/02/2024;;;3
0101;0009392;0009392;16/02/2024;;;3
0101;0009393;0009393;16/02/2024;;;3
0101;0009394;0009394;16/02/2024;;;3
0101;0009395;0009395;16/02/2024;;;3
0101;0009396;0009396;16/02/2024;;;3
0101;0009397;0009397;16/02/2024;;;3
0101;0009398;0009398;12/04/2024;GHQ6A40;TDI;3
0101;0009399;0009399;12/04/2024;GHQ6A40;TDE;3
0101;0009400;0009400;10/02/2024;CUA0A91;TDE;3
0101;0009401;0009401;10/02/2024;CUA0A91;TDI;3
0101;0009402;0009402;10/02/2024;CUA0A91;TEE;3
0101;0009403;0009403;10/02/2024;CUA0A91;TEI;3
0101;0009404;0009404;10/10/2023;GBJ6H13;TEE;3
0101;0009405;0009405;10/10/2023;GBJ6H13;TEI;3
0101;0009406;0009406;10/10/2023;DBB7D14;3EEE;3
0101;0009407;0009407;10/10/2023;DBB7D14;3EEI;3
0101;0009408;0009408;21/09/2023;;;3
0101;0009409;0009409;10/10/2023;DBB7D14;2EDI;3
0101;0009410;0009410;10/10/2023;DBB7D14;2EDE;3
0101;0009411;0009411;30/03/2024;DBB7D14;1EDI;3
0101;0009412;0009412;10/10/2023;DBB7D14;2EEE;3
0101;0009413;0009413;10/10/2023;DBB7D14;2EEI;3
0101;0009414;0009414;10/10/2023;DBB7D14;1EDE;3
0101;0009415;0009415;04/05/2024;ECY1F20;3EDE;3
0101;0009416;0009416;10/10/2023;DBB7D14;3EDE;3
0101;0009417;0009417;10/10/2023;DBB7D14;3EDI;3
0101;0009418;0009418;09/02/2024;BYY9I66;DE;3
0101;0009419;0009419;02/02/2024;FVS4G72;DD;3
0101;0009420;0009420;02/02/2024;FVS4G72;DE;3
0101;0009421;0009421;16/02/2024;FXH1B42;4EDI;3
0101;0009422;0009422;09/02/2024;BYY9I66;DD;3
0101;0009423;0009423;21/11/2023;CUA0A32;2EDI;3
0101;0009424;0009424;22/10/2023;CUA0095;DE;3
0101;0009425;0009425;22/10/2023;CUA0095;DD;3
0101;0009426;0009426;22/03/2024;;;3
0101;0009427;0009427;22/03/2024;;;3
0101;0009428;0009428;22/03/2024;;;3
0101;0009429;0009429;22/03/2024;;;3
0101;0009430;0009430;21/02/2024;CZB7234;1EEI;3
0101;0009431;0009431;21/02/2024;CZB7234;1EEE;3
0101;0009432;0009432;22/03/2024;;;3
0101;0009433;0009433;22/03/2024;;;3
0101;0009434;0009434;21/09/2023;;;3
0101;0009435;0009435;21/09/2023;;;3
0101;0009436;0009436;28/02/2024;DESCARTE;DESCARTE;3
0101;0009437;0009437;28/02/2024;DESCARTE;DESCARTE;3
0101;0009438;0009438;04/03/2024;FWE4J89;2EEE;3
0101;0009439;0009439;04/03/2024;FWE4J89;2EEI;3
0101;0009440;0009440;27/09/2023;;;3
0101;0009441;0009441;27/09/2023;;;3
0101;0009442;0009442;27/09/2023;;;3
0101;0009443;0009443;27/09/2023;;;3
0101;0009444;0009444;10/10/2023;GBJ6H13;TDE;3
0101;0009445;0009445;10/10/2023;GBJ6H13;TDI;3
0101;0009508;0009508;29/11/2023;DAH7I55;TDE;3
0101;0009509;0009509;29/11/2023;DAH7I55;TDI;3
0101;0009510;0009510;07/12/2023;CUA0A54;TEE;3
0101;0009511;0009511;07/12/2023;CUA0A54;TEI;3
0101;0009512;0009512;08/12/2023;GAK1J62;2DD;3
0101;0009513;0009513;08/12/2023;GAK1J62;2DE;3
0101;0009514;0009514;08/12/2023;GAK1J62;TEE;3
0101;0009515;0009515;08/12/2023;GAK1J62;TEI;3
0101;0009516;0009516;08/12/2023;GAK1J62;TDE;3
0101;0009517;0009517;08/12/2023;GAK1J62;TDI;3
0101;0009518;0009518;10/11/2023;GXM6E75;2EDE;3
0101;0009519;0009519;10/11/2023;GXM6E75;2EDI;3
0101;0009520;0009520;28/12/2023;OUF6975;3EDE;3
0101;0009521;0009521;28/12/2023;OUF6975;3EDI;3
0101;0009522;0009522;10/10/2023;;;3
0101;0009523;0009523;13/03/2024;;;3
0101;0009524;0009524;14/03/2024;PKJ6930;3EDE;3
0101;0009525;0009525;10/10/2023;;;3
0101;0009526;0009526;30/03/2024;DBB7D14;1EEE;3
0101;0009527;0009527;20/11/2023;CUA0062;1EEI;3
0101;0009528;0009528;04/12/2023;JSF0156;1EDE;3
0101;0009529;0009529;04/12/2023;JSF0156;1EDI;3
0101;0009530;0009530;11/12/2023;FWE4J89;DE;3
0101;0009531;0009531;11/12/2023;FWE4J89;DD;3
0101;0009532;0009532;28/12/2023;OUF6975;3EEE;3
0101;0009533;0009533;28/12/2023;OUF6975;3EEI;3
0101;0009534;0009534;04/12/2023;JSF0156;1EEE;3
0101;0009535;0009535;04/12/2023;JSF0156;1EEI;3
0101;0009536;0009536;04/12/2023;JSF0156;2EDE;3
0101;0009537;0009537;04/12/2023;JSF0156;2EDI;3
0101;0009538;0009538;04/12/2023;JSF0156;2EEE;3
0101;0009539;0009539;04/12/2023;JSF0156;2EEI;3
0101;0009540;0009540;27/02/2024;GAX6G25;4EDE;3
0101;0009541;0009541;27/02/2024;GAX6G25;4EDI;3
0101;0009542;0009542;07/03/2024;NZV0140;3EEE;3
0101;0009543;0009543;07/03/2024;NZV0140;3EEI;3
0101;0009544;0009544;07/03/2024;NZV0140;3EDE;3
0101;0009545;0009545;07/03/2024;NZV0140;3EDI;3
0101;0009546;0009546;10/10/2023;;;3
0101;0009547;0009547;10/10/2023;;;3
0101;0009548;0009548;26/12/2023;CUH8I08;2EDI;3
0101;0009549;0009549;26/12/2023;CUH8I08;2EDE;3
0101;0009550;0009550;24/04/2024;;;3
0101;0009551;0009551;24/04/2024;;;3
0101;0009552;0009552;24/04/2024;;;3
0101;0009553;0009553;24/04/2024;;;3
0101;0009554;0009554;26/04/2024;RKO0G68;2EDI;3
0101;0009555;0009555;26/04/2024;RKO0G68;2EDE;3
0101;0009556;0009556;26/04/2024;RKO0G68;2EEI;3
0101;0009557;0009557;26/04/2024;RKO0G68;2EEE;3
0101;0009558;0009558;18/12/2023;;;3
0101;0009559;0009559;18/12/2023;;;3
0101;0009560;0009560;18/12/2023;;;3
0101;0009561;0009561;23/04/2024;RTS4B44;DE;3
0101;0009562;0009562;23/04/2024;RTS4B44;DD;3
0101;0009563;0009563;12/04/2024;DAH7I55;DD;3
0101;0009564;0009564;27/02/2024;DAH7917;TKDE;3
0101;0009565;0009565;27/02/2024;DAH7917;TKDI;3
0101;0009566;0009566;05/02/2024;RTS4B44;2DD;3
0101;0009567;0009567;05/02/2024;RTS4B44;2DE;3
0101;0009568;0009568;17/01/2024;DAH7I45;3EDE;3
0101;0009569;0009569;17/01/2024;DAH7I45;3EDI;3
0101;0009570;0009570;17/01/2024;DAH7I45;3EEI;3
0101;0009571;0009571;18/12/2023;;;3
0101;0009572;0009572;16/04/2024;FEI2I43;3EDE;3
0101;0009573;0009573;16/04/2024;FEI2I43;3EDI;3
0101;0009574;0009574;16/04/2024;FEI2I43;3EEE;3
0101;0009575;0009575;16/04/2024;FEI2I43;3EEI;3
0101;0009576;0009576;14/02/2024;;;3
0101;0009577;0009577;14/02/2024;;;3
0101;0009578;0009578;10/02/2024;;;3
0101;0009579;0009579;10/02/2024;;;3
0101;0009580;0009580;10/02/2024;;;3
0101;0009581;0009581;10/02/2024;;;3
0101;0009582;0009582;29/04/2024;PLW6G36;DD;3
0101;0009583;0009583;10/03/2024;CUH4J70;DD;3
0101;0009584;0009584;10/03/2024;CUH4J70;DE;3
0101;0009585;0009585;24/01/2024;AVA6I02;1EDE;3
0101;0009586;0009586;24/01/2024;AVA6I02;1EDI;3
0101;0009587;0009587;24/01/2024;AVA6I02;1EEI;3
0101;0009588;0009588;24/01/2024;AVA6I02;1EEE;3
0101;0009589;0009589;24/01/2024;AVA6I02;2EDE;3
0101;0009590;0009590;24/01/2024;AVA6I02;2EDI;3
0101;0009591;0009591;24/01/2024;AVA6I02;2EEI;3
0101;0009592;0009592;24/01/2024;AVA6I02;2EEE;3
0101;0009593;0009593;24/01/2024;AVA6I02;3EDE;3
0101;0009594;0009594;24/01/2024;AVA6I02;3EDI;3
0101;0009595;0009595;24/01/2024;AVA6I02;3EEI;3
0101;0009596;0009596;24/01/2024;AVA6I02;3EEE;3
0101;0009597;0009597;18/12/2023;;;3
0101;0009598;0009598;02/02/2024;FVS4G72;TEE;3
0101;0009599;0009599;02/02/2024;FVS4G72;TEI;3
0101;0009600;0009600;06/02/2024;BAM4F11;TEE;3
0101;0009601;0009601;06/02/2024;BAM4F11;TEI;3
0101;0009602;0009602;18/12/2023;;;3
0101;0009603;0009603;18/12/2023;;;3
0101;0009604;0009604;21/02/2024;CZB7209;TEE;3
0101;0009605;0009605;21/02/2024;CZB7209;TEI;3
0101;0009606;0009606;21/02/2024;CZB7209;TDE;3
0101;0009607;0009607;21/02/2024;CZB7209;TDI;3
0101;0009608;0009608;03/01/2024;BLG8458;DE;3
0101;0009609;0009609;03/01/2024;BLG8458;DD;3
0101;0009610;0009610;03/01/2024;BWQ7984;DE;3
0101;0009627;0009627;13/03/2024;PKJ6930;DE;3
0101;0009628;0009628;13/03/2024;PKJ6930;DD;3
0101;0009629;0009629;14/02/2024;JQA9642;3EDI;3
0101;0009630;0009630;14/02/2024;JQA9642;3EDE;3
0101;0009644;0009644;29/02/2024;QRJ9C19;2EEE;3
0101;0009645;0009645;29/02/2024;QRJ9C19;2EEI;3
0101;0009646;0009646;29/02/2024;QRJ9C19;2EDE;3
0101;0009647;0009647;29/02/2024;QRJ9C19;2EDI;3
0101;0009648;0009648;28/02/2024;CUH4J70;2EEE;3
0101;0009649;0009649;28/02/2024;CUH4J70;2EEI;3
0101;0009650;0009650;28/02/2024;CUH4J70;2EDE;3
0101;0009651;0009651;28/02/2024;CUH4J70;2EDI;3
0101;0009660;0009660;09/04/2024;BWQ7984;DD;3
0101;0009661;0009661;09/04/2024;CZB7235;2EEE;3
0101;0009662;0009662;09/04/2024;CZB7235;2EEI;3
0101;0009663;0009663;09/04/2024;DAH7I91;2EDI;3
0101;0009664;0009664;09/04/2024;DAH7I91;2EDE;3
0101;0009665;0009665;12/04/2024;GCS2J38;DE;3
0101;0009666;0009666;12/03/2024;GJK1F77;DE;3
0101;0009667;0009667;04/05/2024;CLU9300;DE;3
0101;0009668;0009668;04/05/2024;CLU9300;DD;3
0101;0009669;0009669;12/04/2024;GCS2J38;DD;3
0101;0009670;0009670;09/04/2024;ESTOQUE BA;ESTOQUE BA;3
0101;0009671;0009671;09/04/2024;ESTOQUE BA;ESTOQUE BA;3
0101;0009672;0009672;09/04/2024;ESTOQUE BA;ESTOQUE BA;3
0101;0009673;0009673;12/03/2024;GJK1F77;DD;3
0101;0009674;0009674;09/04/2024;ESTOQUE BA;ESTOQUE BA;3
0101;0009675;0009675;09/04/2024;ESTOQUE BA;ESTOQUE BA;3
0101;0009676;0009676;04/05/2024;CZB7238;2EEE;3
0101;0009677;0009677;09/04/2024;ESTOQUE BA;ESTOQUE BA;3
0101;0009678;0009678;04/05/2024;CZB7238;2EEI;3
0101;0009679;0009679;09/04/2024;ESTOQUE BA;ESTOQUE BA;3
0101;0009680;0009680;04/05/2024;JQH9I49;2EDE;3
0101;0009681;0009681;25/03/2024;DAH7I93;TDI;3
0101;0009682;0009682;04/05/2024;JQH9I49;2EDI;3
0101;0009683;0009683;25/03/2024;ESTOQUE BA;ESTOQUE BA;3
0101;0009684;0009684;25/03/2024;DAH7I93;TDE;3
0101;0009685;0009685;25/03/2024;ESTOQUE BA;ESTOQUE BA;3
0101;0009686;0009686;25/03/2024;ESTOQUE BA;ESTOQUE BA;3
0101;0009687;0009687;25/03/2024;ESTOQUE BA;ESTOQUE BA;3
0101;0009688;0009688;23/04/2024;CUA0A96;TEI;3
0101;0009689;0009689;23/04/2024;CUA0A96;TEE;3
0101;0009692;0009692;07/03/2024;NZV0140;2EDE;3
0101;0009693;0009693;07/03/2024;NZV0140;2EDI;3
0101;0009694;0009694;11/03/2024;RCW0J28;3EDE;3
0101;0009695;0009695;11/03/2024;RCW0J28;3EDI;3
0101;0009696;0009696;16/04/2024;FEI2I43;2EDI;3
0101;0009697;0009697;16/04/2024;FEI2I43;2EDE;3
0101;0009698;0009698;09/04/2024;FEI2I47;3EDI;3
0101;0009699;0009699;09/04/2024;FEI2I47;3EEI;3
0101;0009700;0009700;02/04/2024;GIP0F45;3EEE;3
0101;0009701;0009701;02/04/2024;GIP0F45;3EEI;3
0101;0009702;0009702;09/04/2024;FEI2I47;2EEE;3
0101;0009703;0009703;09/04/2024;FEI2I47;2EEI;3
0101;0009704;0009704;09/04/2024;FEI2I47;2EDE;3
0101;0009705;0009705;09/04/2024;FEI2I47;2EDI;3
0101;0009706;0009706;10/04/2024;OZP9C87;3EEE;3
0101;0009707;0009707;10/04/2024;OZP9C87;3EEI;3
0101;0009708;0009708;10/04/2024;OZP9C87;3EDE;3
0101;0009709;0009709;10/04/2024;OZP9C87;3EDI;3
0101;0009710;0009710;03/05/2024;ARJ0036;DE;3
0101;0009711;0009711;03/05/2024;ARJ0036;DD;3
0101;0009712;0009712;06/05/2024;CPJ5F97;2EDE;3
0101;0009713;0009713;06/05/2024;CPJ5F97;2EDI;3
0101;0009714;0009714;22/03/2024;DAH7820;3EDE;3
0101;0009715;0009715;22/03/2024;DAH7820;3EDI;3
0101;0009716;0009716;22/03/2024;DAH7820;3EEI;3
0101;0009717;0009717;22/03/2024;DAH7820;3EEE;3
0101;0009718;0009718;08/04/2024;CUA0200;3EEE;3
0101;0009719;0009719;08/04/2024;CUA0200;3EEI;3
0101;0009720;0009720;09/04/2024;FEI2I47;3EDE;3
0101;0009721;0009721;09/04/2024;FEI2I47;3EEE;3
0101;0009722;0009722;19/03/2024;FBY7E96;TEE;3
0101;0009723;0009723;19/03/2024;FBY7E96;TEI;3
0101;0009724;0009724;19/03/2024;FBY7E96;TDE;3
0101;0009725;0009725;19/03/2024;FBY7E96;TDI;3
0101;0009726;0009726;19/03/2024;ESTOQUE;ESTOQUE;3
0101;0009727;0009727;19/03/2024;ESTOQUE;ESTOQUE;3
0101;0009728;0009728;24/04/2024;PKJ6930;TEE;3
0101;0009729;0009729;24/04/2024;PKJ6930;TEI;3
0101;0009730;0009730;24/04/2024;PKJ6930;TDE;3
0101;0009731;0009731;24/04/2024;PKJ6930;TDI;3
0101;0009732;0009732;19/04/2024;FLB3I47;DE;3
0101;0009734;0009734;19/04/2024;GAR6A42;DE;3
0101;0009765;0009765;09/04/2024;ESTOQUE;ESTOQUE;3
0101;0009766;0009766;09/04/2024;ESTOQUE;ESTOQUE;3
0101;0009767;0009767;09/04/2024;ESTOQUE;ESTOQUE;3
0101;0009768;0009768;09/04/2024;ESTOQUE;ESTOQUE;3
0101;0009769;0009769;09/04/2024;ESTOQUE;ESTOQUE;3
0101;0009770;0009770;09/04/2024;ESTOQUE;ESTOQUE;3
0101;0009771;0009771;09/04/2024;ESTOQUE;ESTOQUE;3
0101;0009772;0009772;09/04/2024;ESTOQUE;ESTOQUE;3
0101;0009773;0009773;09/04/2024;ESTOQUE;ESTOQUE;3
0101;0009774;0009774;09/04/2024;ESTOQUE;ESTOQUE;3
0101;0009775;0009775;09/04/2024;ESTOQUE;ESTOQUE;3
0101;0009776;0009776;09/04/2024;ESTOQUE;ESTOQUE;3
0101;0009777;0009777;09/04/2024;ESTOQUE;ESTOQUE;3
0101;0009778;0009778;09/04/2024;ESTOQUE;ESTOQUE;3
0101;0009779;0009779;09/04/2024;ESTOQUE;ESTOQUE;3
0101;0009780;0009780;09/04/2024;ESTOQUE;ESTOQUE;3
0101;0009781;0009781;09/04/2024;ESTOQUE;ESTOQUE;3
0101;0009782;0009782;09/04/2024;ESTOQUE;ESTOQUE;3
0101;0009783;0009783;09/04/2024;ESTOQUE;ESTOQUE;3
0101;0009784;0009784;09/04/2024;ESTOQUE;ESTOQUE;3
0101;0009785;0009785;09/04/2024;ESTOQUE;ESTOQUE;3
0101;0009786;0009786;09/04/2024;ESTOQUE;ESTOQUE;3
0101;0009787;0009787;09/04/2024;ESTOQUE;ESTOQUE;3
0101;0009788;0009788;09/04/2024;ESTOQUE;ESTOQUE;3
0101;0009789;0009789;09/04/2024;ESTOQUE;ESTOQUE;3
0101;0009790;0009790;09/04/2024;ESTOQUE;ESTOQUE;3
0101;0009791;0009791;09/04/2024;ESTOQUE;ESTOQUE;3
0101;0009792;0009792;09/04/2024;ESTOQUE;ESTOQUE;3
0101;0009793;0009793;09/04/2024;ESTOQUE;ESTOQUE;3
0101;0009794;0009794;09/04/2024;ESTOQUE;ESTOQUE;3
